-- phpMyAdmin SQL Dump
-- version 5.2.1
-- https://www.phpmyadmin.net/
--
-- 主机： 127.0.0.1:3306
-- 生成日期： 2026-03-14 15:06:49
-- 服务器版本： 8.3.0
-- PHP 版本： 8.2.18

SET SQL_MODE = "NO_AUTO_VALUE_ON_ZERO";
START TRANSACTION;
SET time_zone = "+00:00";


/*!40101 SET @OLD_CHARACTER_SET_CLIENT=@@CHARACTER_SET_CLIENT */;
/*!40101 SET @OLD_CHARACTER_SET_RESULTS=@@CHARACTER_SET_RESULTS */;
/*!40101 SET @OLD_COLLATION_CONNECTION=@@COLLATION_CONNECTION */;
/*!40101 SET NAMES utf8mb4 */;

--
-- 数据库： `fitness_tracker_db`
--

-- --------------------------------------------------------

--
-- 表的结构 `body_metrics`
--

DROP TABLE IF EXISTS `body_metrics`;
CREATE TABLE IF NOT EXISTS `body_metrics` (
  `metric_id` int NOT NULL AUTO_INCREMENT,
  `user_id` int NOT NULL,
  `date` date NOT NULL,
  `height_cm` decimal(5,2) DEFAULT NULL,
  `weight_kg` decimal(5,2) DEFAULT NULL,
  `body_fat` decimal(4,2) DEFAULT NULL,
  `skeletal_muscle_kg` decimal(5,2) DEFAULT NULL,
  `waist_circumference` decimal(5,2) DEFAULT NULL,
  `notes` text,
  PRIMARY KEY (`metric_id`),
  KEY `user_id` (`user_id`)
) ENGINE=InnoDB AUTO_INCREMENT=12 DEFAULT CHARSET=utf8mb4 COLLATE=utf8mb4_0900_ai_ci;

--
-- 转存表中的数据 `body_metrics`
--

INSERT INTO `body_metrics` (`metric_id`, `user_id`, `date`, `height_cm`, `weight_kg`, `body_fat`, `skeletal_muscle_kg`, `waist_circumference`, `notes`) VALUES
(1, 1, '2026-01-01', 175.00, 75.00, 20.50, 34.50, 85.00, '系统初始状态记录'),
(2, 1, '2026-02-24', NULL, 80.00, 20.00, NULL, NULL, NULL),
(3, 1, '2026-02-24', NULL, 90.00, 22.00, NULL, NULL, NULL),
(4, 1, '2026-02-24', NULL, 87.00, 14.00, NULL, NULL, NULL),
(5, 1, '2026-02-24', NULL, 70.00, 20.00, NULL, NULL, NULL),
(6, 1, '2026-02-24', NULL, 333.00, 33.00, NULL, NULL, NULL),
(7, 1, '2026-02-24', 129.00, 66.00, 55.00, NULL, NULL, NULL),
(8, 4, '2026-02-24', 176.00, 50.00, 18.00, NULL, NULL, NULL),
(9, 4, '2026-02-24', 177.00, 85.00, 24.00, NULL, NULL, NULL),
(10, 4, '2026-02-25', 176.00, 83.00, 20.00, NULL, NULL, NULL),
(11, 1, '2026-02-25', 229.00, 200.00, 99.99, NULL, NULL, NULL);

-- --------------------------------------------------------

--
-- 表的结构 `exercise_library`
--

DROP TABLE IF EXISTS `exercise_library`;
CREATE TABLE IF NOT EXISTS `exercise_library` (
  `exercise_id` int NOT NULL AUTO_INCREMENT,
  `name` varchar(100) NOT NULL,
  `name_zh` varchar(255) DEFAULT NULL,
  `type` enum('Strength','Cardio','Stretch') NOT NULL,
  `equipment` varchar(50) DEFAULT NULL,
  `is_custom` tinyint(1) DEFAULT '0',
  PRIMARY KEY (`exercise_id`),
  UNIQUE KEY `name` (`name`)
) ENGINE=MyISAM AUTO_INCREMENT=874 DEFAULT CHARSET=utf8mb4 COLLATE=utf8mb4_0900_ai_ci;

--
-- 转存表中的数据 `exercise_library`
--

INSERT INTO `exercise_library` (`exercise_id`, `name`, `name_zh`, `type`, `equipment`, `is_custom`) VALUES
(1, '3/4 Sit-Up', '3/4仰卧起坐', 'Strength', 'body only', 0),
(2, '90/90 Hamstring', '90/90 腿筋', '', 'body only', 0),
(3, 'Ab Crunch Machine', '卷腹机', 'Strength', 'machine', 0),
(4, 'Ab Roller', '健腹轮', 'Strength', 'other', 0),
(5, 'Adductor', '内收肌', '', 'foam roll', 0),
(6, 'Adductor/Groin', '内收肌/腹股沟', '', NULL, 0),
(7, 'Advanced Kettlebell Windmill', '高级壶铃风车', 'Strength', 'kettlebells', 0),
(8, 'Air Bike', '空气自行车', 'Strength', 'body only', 0),
(9, 'All Fours Quad Stretch', '四肢四肢伸展', '', 'body only', 0),
(10, 'Alternate Hammer Curl', '交替锤式弯举', 'Strength', 'dumbbell', 0),
(11, 'Alternate Heel Touchers', '交替触脚跟', 'Strength', 'body only', 0),
(12, 'Alternate Incline Dumbbell Curl', '交替上斜哑铃弯举', 'Strength', 'dumbbell', 0),
(13, 'Alternate Leg Diagonal Bound', '交替腿对角线绑定', '', NULL, 0),
(14, 'Alternating Cable Shoulder Press', '交替绳索肩部推举', 'Strength', 'cable', 0),
(15, 'Alternating Deltoid Raise', '交替三角肌平举', 'Strength', 'dumbbell', 0),
(16, 'Alternating Floor Press', '交替地板推举', 'Strength', 'kettlebells', 0),
(17, 'Alternating Hang Clean', '交替悬挂高翻', 'Strength', 'kettlebells', 0),
(18, 'Alternating Kettlebell Press', '交替壶铃推举', 'Strength', 'kettlebells', 0),
(19, 'Alternating Kettlebell Row', '壶铃交替划船', 'Strength', 'kettlebells', 0),
(20, 'Alternating Renegade Row', '交替叛逆划船', 'Strength', 'kettlebells', 0),
(21, 'Ankle Circles', '脚踝圈', '', NULL, 0),
(22, 'Ankle On The Knee', '脚踝抵膝', '', NULL, 0),
(23, 'Anterior Tibialis-SMR', '胫骨前肌', '', 'other', 0),
(24, 'Anti-Gravity Press', '反重力推举', 'Strength', 'barbell', 0),
(25, 'Arm Circles', '手臂划圈', '', NULL, 0),
(26, 'Arnold Dumbbell Press', '阿诺德哑铃推举', 'Strength', 'dumbbell', 0),
(27, 'Around The Worlds', '绕环推举', 'Strength', 'dumbbell', 0),
(28, 'Atlas Stones', '阿特拉斯石', '', 'other', 0),
(29, 'Atlas Stone Trainer', '阿特拉斯石训练师', '', 'other', 0),
(30, 'Axle Deadlift', '车轴硬拉', '', 'other', 0),
(31, 'Backward Drag', '向后拖动', '', 'other', 0),
(32, 'Backward Medicine Ball Throw', '后抛药球', '', 'medicine ball', 0),
(33, 'Back Flyes - With Bands', '后束飞鸟 - 带弹力带', 'Strength', 'bands', 0),
(34, 'Balance Board', '平衡板', 'Strength', 'other', 0),
(35, 'Ball Leg Curl', '球腿弯举', 'Strength', 'exercise ball', 0),
(36, 'Band Assisted Pull-Up', '弹力带辅助引体向上', 'Strength', 'other', 0),
(37, 'Band Good Morning', '弹力带早安式', '', 'bands', 0),
(38, 'Band Good Morning (Pull Through)', '弹力带早安（拉通）', '', 'bands', 0),
(39, 'Band Hip Adductions', '弹力带髋内收', 'Strength', 'bands', 0),
(40, 'Band Pull Apart', '带拉开', 'Strength', 'bands', 0),
(41, 'Band Skull Crusher', '弹力带碎颅式臂屈伸', 'Strength', 'bands', 0),
(42, 'Barbell Ab Rollout', '杠铃腹肌训练', 'Strength', 'barbell', 0),
(43, 'Barbell Ab Rollout - On Knees', '杠铃腹肌伸展 - 膝盖上', 'Strength', 'barbell', 0),
(44, 'Barbell Bench Press - Medium Grip', '杠铃卧推 - 中握距', 'Strength', 'barbell', 0),
(45, 'Barbell Curl', '杠铃弯举', 'Strength', 'barbell', 0),
(46, 'Barbell Curls Lying Against An Incline', '靠斜坡的杠铃弯举', 'Strength', 'barbell', 0),
(47, 'Barbell Deadlift', '杠铃硬拉', 'Strength', 'barbell', 0),
(48, 'Barbell Full Squat', '杠铃全蹲', 'Strength', 'barbell', 0),
(49, 'Barbell Glute Bridge', '杠铃臀桥', '', 'barbell', 0),
(50, 'Barbell Guillotine Bench Press', '杠铃断头台卧推', 'Strength', 'barbell', 0),
(51, 'Barbell Hack Squat', '杠铃哈克深蹲', 'Strength', 'barbell', 0),
(52, 'Barbell Hip Thrust', '杠铃髋部推力', '', 'barbell', 0),
(53, 'Barbell Incline Bench Press - Medium Grip', '杠铃上斜卧推 - 中握距', 'Strength', 'barbell', 0),
(54, 'Barbell Incline Shoulder Raise', '杠铃上斜举肩', 'Strength', 'barbell', 0),
(55, 'Barbell Lunge', '杠铃弓步', 'Strength', 'barbell', 0),
(56, 'Barbell Rear Delt Row', '杠铃三角肌后侧划船', 'Strength', 'barbell', 0),
(57, 'Barbell Rollout from Bench', '仰卧凳上杠铃滚出', 'Strength', 'barbell', 0),
(58, 'Barbell Seated Calf Raise', '杠铃坐姿提踵', 'Strength', 'barbell', 0),
(59, 'Barbell Shoulder Press', '杠铃肩部推举', 'Strength', 'barbell', 0),
(60, 'Barbell Shrug', '杠铃耸肩', 'Strength', 'barbell', 0),
(61, 'Barbell Shrug Behind The Back', '杠铃在背后耸肩', 'Strength', 'barbell', 0),
(62, 'Barbell Side Bend', '杠铃侧弯', 'Strength', 'barbell', 0),
(63, 'Barbell Side Split Squat', '杠铃侧分蹲', 'Strength', 'barbell', 0),
(64, 'Barbell Squat', '杠铃深蹲', 'Strength', 'barbell', 0),
(65, 'Barbell Squat To A Bench', '箱式深蹲', 'Strength', 'barbell', 0),
(66, 'Barbell Step Ups', '杠铃上举', 'Strength', 'barbell', 0),
(67, 'Barbell Walking Lunge', '杠铃弓步步划船', 'Strength', 'barbell', 0),
(68, 'Battling Ropes', '格斗绳索', 'Strength', 'other', 0),
(69, 'Bear Crawl Sled Drags', '熊爬式雪橇拖拽', '', 'other', 0),
(70, 'Behind Head Chest Stretch', '头后胸部伸展', '', 'other', 0),
(71, 'Bench Dips', '长凳臂屈伸', 'Strength', 'body only', 0),
(72, 'Bench Jump', '卧推跳', '', 'body only', 0),
(73, 'Bench Press - Powerlifting', '卧推 - 举重', '', 'barbell', 0),
(74, 'Bench Press - With Bands', '卧推 - 带弹力带', 'Strength', 'bands', 0),
(75, 'Bench Press with Chains', '弹力带卧推', '', 'barbell', 0),
(76, 'Bench Sprint', '卧推冲刺', '', 'other', 0),
(77, 'Bent-Arm Barbell Pullover', '弯臂杠铃仰卧直臂上拉', 'Strength', 'barbell', 0),
(78, 'Bent-Arm Dumbbell Pullover', '弯臂哑铃仰卧直臂上拉', 'Strength', 'dumbbell', 0),
(79, 'Bent-Knee Hip Raise', '屈膝提臀', 'Strength', 'body only', 0),
(80, 'Bent Over Barbell Row', '弯腰杠铃划船', 'Strength', 'barbell', 0),
(81, 'Bent Over Dumbbell Rear Delt Raise With Head On Bench', '俯身哑铃三角肌后部平举', 'Strength', 'dumbbell', 0),
(82, 'Bent Over Low-Pulley Side Lateral', '低滑轮侧弯腰', 'Strength', 'cable', 0),
(83, 'Bent Over One-Arm Long Bar Row', '弯腰单臂长杠划船', 'Strength', 'barbell', 0),
(84, 'Bent Over Two-Arm Long Bar Row', '弯腰长杠划船', 'Strength', 'barbell', 0),
(85, 'Bent Over Two-Dumbbell Row', '弯身两个哑铃划船', 'Strength', 'dumbbell', 0),
(86, 'Bent Over Two-Dumbbell Row With Palms In', '俯身双哑铃划船，手掌向内', 'Strength', 'dumbbell', 0),
(87, 'Bent Press', '弯曲推举', 'Strength', 'kettlebells', 0),
(88, 'Bicycling', '自行车卷腹', 'Cardio', 'other', 0),
(89, 'Bicycling, Stationary', '自行车卷腹，固定式', 'Cardio', 'machine', 0),
(90, 'Board Press', ' 短板卧推', '', 'barbell', 0),
(91, 'Body-Up', '塑身', 'Strength', 'body only', 0),
(92, 'Bodyweight Flyes', '自重飞鸟', 'Strength', 'e-z curl bar', 0),
(93, 'Bodyweight Mid Row', '自重中划船', 'Strength', 'other', 0),
(94, 'Bodyweight Squat', '自重深蹲', 'Strength', 'body only', 0),
(95, 'Bodyweight Walking Lunge', '自重弓步步划船', 'Strength', NULL, 0),
(96, 'Body Tricep Press', '身体三头肌推举', 'Strength', 'body only', 0),
(97, 'Bosu Ball Cable Crunch With Side Bends', '波速球绳索卷腹接侧屈', 'Strength', 'cable', 0),
(98, 'Bottoms-Up Clean From The Hang Position', '悬垂位壶铃倒立抓举', 'Strength', 'kettlebells', 0),
(99, 'Bottoms Up', '倒立姿势（壶铃/哑铃训练）', 'Strength', 'body only', 0),
(100, 'Box Jump (Multiple Response)', '跳箱（多重）', '', 'other', 0),
(101, 'Box Skip', '跳箱', '', 'other', 0),
(102, 'Box Squat', '箱式深蹲', '', 'barbell', 0),
(103, 'Box Squat with Bands', '弹力带辅助箱式深蹲', '', 'barbell', 0),
(104, 'Box Squat with Chains', '带链箱深蹲', 'Strength', 'barbell', 0),
(105, 'Brachialis-SMR', '肱肌自我肌筋膜放松', '', 'foam roll', 0),
(106, 'Bradford/Rocky Presses', '布拉德福德/洛基推举', 'Strength', 'barbell', 0),
(107, 'Butt-Ups', '提臀', 'Strength', 'body only', 0),
(108, 'Butterfly', '蝴蝶伸展', 'Strength', 'machine', 0),
(109, 'Butt Lift (Bridge)', '提臀（桥式）', 'Strength', 'body only', 0),
(110, 'Cable Chest Press', '绳索胸部推举', 'Strength', 'cable', 0),
(111, 'Cable Crossover', '绳索交叉', 'Strength', 'cable', 0),
(112, 'Cable Crunch', '绳索卷腹', 'Strength', 'cable', 0),
(113, 'Cable Deadlifts', '绳索硬拉', 'Strength', 'cable', 0),
(114, 'Cable Hammer Curls - Rope Attachment', '绳索锤式弯举 - 绳索附件', 'Strength', 'cable', 0),
(115, 'Cable Hip Adduction', '绳索髋内收', 'Strength', 'cable', 0),
(116, 'Cable Incline Pushdown', '绳索倾斜下推', 'Strength', 'cable', 0),
(117, 'Cable Incline Triceps Extension', '绳索上斜三头肌伸展', 'Strength', 'cable', 0),
(118, 'Cable Internal Rotation', '绳索内旋', 'Strength', 'cable', 0),
(119, 'Cable Iron Cross', '绳索铁十字', 'Strength', 'cable', 0),
(120, 'Cable Judo Flip', '绳索柔道翻转', 'Strength', 'cable', 0),
(121, 'Cable Lying Triceps Extension', '绳索卧式三头肌伸展', 'Strength', 'cable', 0),
(122, 'Cable One Arm Tricep Extension', '绳索单臂三头肌伸展', 'Strength', 'cable', 0),
(123, 'Cable Preacher Curl', '绳索传教士弯举', 'Strength', 'cable', 0),
(124, 'Cable Rear Delt Fly', '三角肌后束绳索飞鸟', 'Strength', 'cable', 0),
(125, 'Cable Reverse Crunch', '绳索反向卷腹', 'Strength', 'cable', 0),
(126, 'Cable Rope Overhead Triceps Extension', '钢丝绳过头三头肌伸展', 'Strength', 'cable', 0),
(127, 'Cable Rope Rear-Delt Rows', '钢丝绳后三角肌划船', 'Strength', 'cable', 0),
(128, 'Cable Russian Twists', '绳索俄罗斯转折', 'Strength', 'cable', 0),
(129, 'Cable Seated Crunch', '坐姿绳索卷腹', 'Strength', 'cable', 0),
(130, 'Cable Seated Lateral Raise', '坐姿绳索侧平举', 'Strength', 'cable', 0),
(131, 'Cable Shoulder Press', '绳索肩部推举', 'Strength', 'cable', 0),
(132, 'Cable Shrugs', '绳索耸肩', 'Strength', 'cable', 0),
(133, 'Cable Wrist Curl', '绳索腕弯举', 'Strength', 'cable', 0),
(134, 'Calf-Machine Shoulder Shrug', '小腿机耸肩', 'Strength', 'machine', 0),
(135, 'Calf Press', '小腿推举', 'Strength', 'machine', 0),
(136, 'Calf Press On The Leg Press Machine', '腿部推举机上的小腿推举', 'Strength', 'machine', 0),
(137, 'Calf Raises - With Bands', '小腿平举 - 带弹力带', 'Strength', 'bands', 0),
(138, 'Calf Raise On A Dumbbell', '哑铃小腿举起', 'Strength', 'dumbbell', 0),
(139, 'Calf Stretch Elbows Against Wall', '小腿肘部靠墙伸展', '', NULL, 0),
(140, 'Calf Stretch Hands Against Wall', '小腿伸手靠墙', '', NULL, 0),
(141, 'Calves-SMR', '小腿放松', '', 'foam roll', 0),
(142, 'Carioca Quick Step', '卡里奥卡敏捷步', '', NULL, 0),
(143, 'Car Deadlift', '汽车硬拉', '', 'other', 0),
(144, 'Car Drivers', '坐姿转体', 'Strength', 'barbell', 0),
(145, 'Catch and Overhead Throw', '接球过顶抛', '', 'medicine ball', 0),
(146, 'Cat Stretch', '猫式伸展运动', '', NULL, 0),
(147, 'Chain Handle Extension', '锁握下拉', '', 'other', 0),
(148, 'Chain Press', '链式推举', '', 'other', 0),
(149, 'Chair Leg Extended Stretch', '椅腿延伸伸展', '', 'other', 0),
(150, 'Chair Lower Back Stretch', '椅子下背部伸展', '', NULL, 0),
(151, 'Chair Squat', '椅子深蹲', 'Strength', 'machine', 0),
(152, 'Chair Upper Body Stretch', '椅子上身伸展', '', 'other', 0),
(153, 'Chest And Front Of Shoulder Stretch', '胸部和肩部前侧伸展', '', 'other', 0),
(154, 'Chest Push from 3 point stance', '三点站姿推胸', '', 'medicine ball', 0),
(155, 'Chest Push (multiple response)', '胸部按压（多项反应）', '', 'medicine ball', 0),
(156, 'Chest Push (single response)', '胸部按压（单一反应）', '', 'medicine ball', 0),
(157, 'Chest Push with Run Release', '胸部推胸与跑步释放', '', 'medicine ball', 0),
(158, 'Chest Stretch on Stability Ball', '稳定球上的胸部伸展', '', 'exercise ball', 0),
(159, 'Child\'s Pose', '婴儿式', '', NULL, 0),
(160, 'Chin-Up', '引体向上', 'Strength', 'body only', 0),
(161, 'Chin To Chest Stretch', '下巴贴胸拉伸', '', NULL, 0),
(162, 'Circus Bell', '马戏哑铃', '', 'other', 0),
(163, 'Clean', '高翻', '', 'barbell', 0),
(164, 'Clean and Jerk', '抓挺举', '', 'barbell', 0),
(165, 'Clean and Press', '挺举', 'Strength', 'barbell', 0),
(166, 'Clean Deadlift', '干净硬拉', '', 'barbell', 0),
(167, 'Clean from Blocks', '垫木高翻', '', 'barbell', 0),
(168, 'Clean Pull', '高翻拉力', '', 'barbell', 0),
(169, 'Clean Shrug', '高翻耸肩', '', 'barbell', 0),
(170, 'Clock Push-Up', '时钟俯卧撑', 'Strength', 'body only', 0),
(171, 'Close-Grip Barbell Bench Press', '窄握杠铃卧推', 'Strength', 'barbell', 0),
(172, 'Close-Grip Dumbbell Press', '窄握哑铃推举', 'Strength', 'dumbbell', 0),
(173, 'Close-Grip EZ-Bar Curl with Band', '窄距弹力带曲杆弯举', 'Strength', 'e-z curl bar', 0),
(174, 'Close-Grip EZ-Bar Press', '窄距曲杆卧推', 'Strength', 'e-z curl bar', 0),
(175, 'Close-Grip EZ Bar Curl', '窄距曲杆弯举', 'Strength', 'barbell', 0),
(176, 'Close-Grip Front Lat Pulldown', '紧握前背阔肌下拉', 'Strength', 'cable', 0),
(177, 'Close-Grip Push-Up off of a Dumbbell', '哑铃紧握俯卧撑', 'Strength', 'body only', 0),
(178, 'Close-Grip Standing Barbell Curl', '紧握站立杠铃弯举', 'Strength', 'barbell', 0),
(179, 'Cocoons', ' 全身卷腹', 'Strength', 'body only', 0),
(180, 'Conan\'s Wheel', ' 巨人转轮', '', 'other', 0),
(181, 'Concentration Curls', '集中弯举', 'Strength', 'dumbbell', 0),
(182, 'Cross-Body Crunch', '斜跨仰卧起坐', 'Strength', 'body only', 0),
(183, 'Crossover Reverse Lunge', '交叉反向弓步', '', NULL, 0),
(184, 'Cross Body Hammer Curl', '斜挎锤式弯举', 'Strength', 'dumbbell', 0),
(185, 'Cross Over - With Bands', '跨界 - 带弹力带', 'Strength', 'bands', 0),
(186, 'Crucifix', '十字架', '', 'other', 0),
(187, 'Crunches', '仰卧起坐', 'Strength', 'body only', 0),
(188, 'Crunch - Hands Overhead', '卷腹 - 双手举过头顶', 'Strength', 'body only', 0),
(189, 'Crunch - Legs On Exercise Ball', '卷腹 - 双腿放在健身球上', 'Strength', 'body only', 0),
(190, 'Cuban Press', '古巴推举', 'Strength', 'dumbbell', 0),
(191, 'Dancer\'s Stretch', '舞者式伸展', '', NULL, 0),
(192, 'Deadlift with Bands', '弹力带硬拉', '', 'barbell', 0),
(193, 'Deadlift with Chains', '链条硬拉', '', 'barbell', 0),
(194, 'Dead Bug', '死虫式', 'Strength', 'body only', 0),
(195, 'Decline Barbell Bench Press', '下斜杠铃卧推', 'Strength', 'barbell', 0),
(196, 'Decline Close-Grip Bench To Skull Crusher', '下斜窄距卧推接仰卧臂屈伸', 'Strength', 'barbell', 0),
(197, 'Decline Crunch', '下降卷腹', 'Strength', 'body only', 0),
(198, 'Decline Dumbbell Bench Press', '下斜哑铃卧推', 'Strength', 'dumbbell', 0),
(199, 'Decline Dumbbell Flyes', '下斜哑铃飞鸟', 'Strength', 'dumbbell', 0),
(200, 'Decline Dumbbell Triceps Extension', '下斜哑铃三头肌伸展', 'Strength', 'dumbbell', 0),
(201, 'Decline EZ Bar Triceps Extension', '下斜曲杆仰卧臂屈伸', 'Strength', 'barbell', 0),
(202, 'Decline Oblique Crunch', '下斜斜卷腹', 'Strength', 'body only', 0),
(203, 'Decline Push-Up', '下斜俯卧撑', 'Strength', NULL, 0),
(204, 'Decline Reverse Crunch', '下降反向卷腹', 'Strength', 'body only', 0),
(205, 'Decline Smith Press', '下斜史密斯卧推', 'Strength', 'machine', 0),
(206, 'Deficit Deadlift', '垫高硬拉', '', 'barbell', 0),
(207, 'Depth Jump Leap', '深度跳跃跳跃', '', 'other', 0),
(208, 'Dips - Chest Version', '臂屈伸 - 胸部版本', 'Strength', 'other', 0),
(209, 'Dips - Triceps Version', '臂屈伸 - 三头肌版本', 'Strength', 'body only', 0),
(210, 'Dip Machine', '双杠机 / 撑体机', 'Strength', 'machine', 0),
(211, 'Donkey Calf Raises', '驴式提踵', 'Strength', 'other', 0),
(212, 'Double Kettlebell Alternating Hang Clean', '双壶铃交替悬挂高翻', 'Strength', 'kettlebells', 0),
(213, 'Double Kettlebell Jerk', '双壶铃挺举', 'Strength', 'kettlebells', 0),
(214, 'Double Kettlebell Push Press', '双壶铃推举', 'Strength', 'kettlebells', 0),
(215, 'Double Kettlebell Snatch', '双壶铃抓举', 'Strength', 'kettlebells', 0),
(216, 'Double Kettlebell Windmill', '双壶铃风车', 'Strength', 'kettlebells', 0),
(217, 'Double Leg Butt Kick', '双腿屁股踢', '', 'body only', 0),
(218, 'Downward Facing Balance', '向下平衡', 'Strength', 'exercise ball', 0),
(219, 'Drag Curl', '拖动弯举', 'Strength', 'barbell', 0),
(220, 'Drop Push', '下降推', '', 'other', 0),
(221, 'Dumbbell Alternate Bicep Curl', '哑铃交替二头肌弯举', 'Strength', 'dumbbell', 0),
(222, 'Dumbbell Bench Press', '哑铃卧推', 'Strength', 'dumbbell', 0),
(223, 'Dumbbell Bench Press with Neutral Grip', '中位握距哑铃卧推', 'Strength', 'dumbbell', 0),
(224, 'Dumbbell Bicep Curl', '哑铃二头肌弯举', 'Strength', 'dumbbell', 0),
(225, 'Dumbbell Clean', '哑铃高举', 'Strength', 'dumbbell', 0),
(226, 'Dumbbell Floor Press', '哑铃地板推举', '', 'dumbbell', 0),
(227, 'Dumbbell Flyes', '哑铃飞鸟', 'Strength', 'dumbbell', 0),
(228, 'Dumbbell Incline Row', '哑铃上斜划船', 'Strength', 'dumbbell', 0),
(229, 'Dumbbell Incline Shoulder Raise', '哑铃上斜举肩', 'Strength', 'dumbbell', 0),
(230, 'Dumbbell Lunges', '哑铃弓步', 'Strength', 'dumbbell', 0),
(231, 'Dumbbell Lying One-Arm Rear Lateral Raise', '哑铃平躺单臂后侧平举', 'Strength', 'dumbbell', 0),
(232, 'Dumbbell Lying Pronation', '哑铃卧式前旋', 'Strength', 'dumbbell', 0),
(233, 'Dumbbell Lying Rear Lateral Raise', '哑铃仰卧后侧平举', 'Strength', 'dumbbell', 0),
(234, 'Dumbbell Lying Supination', '哑铃仰卧后旋', 'Strength', 'dumbbell', 0),
(235, 'Dumbbell One-Arm Shoulder Press', '哑铃单臂肩部推举', 'Strength', 'dumbbell', 0),
(236, 'Dumbbell One-Arm Triceps Extension', '哑铃单臂三头肌伸展', 'Strength', 'dumbbell', 0),
(237, 'Dumbbell One-Arm Upright Row', '哑铃单臂直立划船', 'Strength', 'dumbbell', 0),
(238, 'Dumbbell Prone Incline Curl', '哑铃俯卧上斜弯举', 'Strength', 'dumbbell', 0),
(239, 'Dumbbell Raise', '哑铃举起', 'Strength', 'dumbbell', 0),
(240, 'Dumbbell Rear Lunge', '哑铃后弓步', 'Strength', 'dumbbell', 0),
(241, 'Dumbbell Scaption', '哑铃肩胛骨', 'Strength', 'dumbbell', 0),
(242, 'Dumbbell Seated Box Jump', '哑铃坐式箱跳', '', 'dumbbell', 0),
(243, 'Dumbbell Seated One-Leg Calf Raise', '哑铃坐姿单腿提踵', 'Strength', 'dumbbell', 0),
(244, 'Dumbbell Shoulder Press', '哑铃肩部推举', 'Strength', 'dumbbell', 0),
(245, 'Dumbbell Shrug', '哑铃耸肩', 'Strength', 'dumbbell', 0),
(246, 'Dumbbell Side Bend', '哑铃侧弯', 'Strength', 'dumbbell', 0),
(247, 'Dumbbell Squat', '哑铃深蹲', 'Strength', 'dumbbell', 0),
(248, 'Dumbbell Squat To A Bench', '哑铃深蹲到长凳上', 'Strength', 'dumbbell', 0),
(249, 'Dumbbell Step Ups', '哑铃上台阶', 'Strength', 'dumbbell', 0),
(250, 'Dumbbell Tricep Extension -Pronated Grip', '哑铃三头肌伸展 - 前旋握法', 'Strength', 'dumbbell', 0),
(251, 'Dynamic Back Stretch', '动态背部拉伸', '', NULL, 0),
(252, 'Dynamic Chest Stretch', '动态胸部伸展', '', NULL, 0),
(253, 'Elbows Back', '肘部向后', '', NULL, 0),
(254, 'Elbow Circles', '肘部转圈', '', NULL, 0),
(255, 'Elbow to Knee', '肘触膝卷腹', 'Strength', 'body only', 0),
(256, 'Elevated Back Lunge', '平举后弓步', 'Strength', 'barbell', 0),
(257, 'Elevated Cable Rows', '高架绳索划船', 'Strength', 'cable', 0),
(258, 'Elliptical Trainer', '椭圆机', 'Cardio', 'machine', 0),
(259, 'Exercise Ball Crunch', '健身球卷腹', 'Strength', 'exercise ball', 0),
(260, 'Exercise Ball Pull-In', '健身球收腹', 'Strength', 'exercise ball', 0),
(261, 'Extended Range One-Arm Kettlebell Floor Press', '单臂壶铃地板卧推（加大范围）', 'Strength', 'kettlebells', 0),
(262, 'External Rotation', '肩外旋', 'Strength', 'dumbbell', 0),
(263, 'External Rotation with Band', '弹力带肩外旋', 'Strength', 'bands', 0),
(264, 'External Rotation with Cable', '绳索带肩外旋', 'Strength', 'cable', 0),
(265, 'EZ-Bar Curl', '曲杆弯举', 'Strength', 'e-z curl bar', 0),
(266, 'EZ-Bar Skullcrusher', '曲杆仰卧臂屈伸', 'Strength', 'e-z curl bar', 0),
(267, 'Face Pull', '面拉', 'Strength', 'cable', 0),
(268, 'Farmer\'s Walk', '农夫漫步', '', 'other', 0),
(269, 'Fast Skipping', '高频率垫步跳', '', 'body only', 0),
(270, 'Finger Curls', '手指弯举 / 握力卷腕', 'Strength', 'barbell', 0),
(271, 'Flat Bench Cable Flyes', '平凳绳索飞鸟', 'Strength', 'cable', 0),
(272, 'Flat Bench Leg Pull-In', '平板凳腿引体向上', 'Strength', 'body only', 0),
(273, 'Flat Bench Lying Leg Raise', '平板卧推举腿', 'Strength', 'body only', 0),
(274, 'Flexor Incline Dumbbell Curls', '屈肌上斜哑铃弯举', 'Strength', 'dumbbell', 0),
(275, 'Floor Glute-Ham Raise', '地板臀腿训练', 'Strength', NULL, 0),
(276, 'Floor Press', '地板推举', '', 'barbell', 0),
(277, 'Floor Press with Chains', '负重链地板卧推', '', 'barbell', 0),
(278, 'Flutter Kicks', '扑踢', 'Strength', 'body only', 0),
(279, 'Foot-SMR', '足部放松', '', 'other', 0),
(280, 'Forward Drag with Press', '前向拖拽接推举', '', 'other', 0),
(281, 'Frankenstein Squat', '弗兰肯斯坦深蹲', '', 'barbell', 0),
(282, 'Freehand Jump Squat', '徒手跳深蹲', 'Strength', 'body only', 0),
(283, 'Frog Hops', '青蛙跳', '', NULL, 0),
(284, 'Frog Sit-Ups', '青蛙仰卧起坐', 'Strength', 'body only', 0),
(285, 'Front Barbell Squat', '前杠铃深蹲', 'Strength', 'barbell', 0),
(286, 'Front Barbell Squat To A Bench', '前杠铃深蹲至箱凳', 'Strength', 'barbell', 0),
(287, 'Front Box Jump', '前箱跳', '', 'other', 0),
(288, 'Front Cable Raise', '前平举（绳索）', 'Strength', 'cable', 0),
(289, 'Front Cone Hops (or hurdle hops)', '前锥跳（或跨栏跳）', '', 'other', 0),
(290, 'Front Dumbbell Raise', '前哑铃平举', 'Strength', 'dumbbell', 0),
(291, 'Front Incline Dumbbell Raise', '前斜哑铃平举', 'Strength', 'dumbbell', 0),
(292, 'Front Leg Raises', '前腿平举', '', 'body only', 0),
(293, 'Front Plate Raise', '前板升起', 'Strength', 'other', 0),
(294, 'Front Raise And Pullover', '前平举和上拉', 'Strength', 'barbell', 0),
(295, 'Front Squats With Two Kettlebells', '双壶铃前蹲', 'Strength', 'kettlebells', 0),
(296, 'Front Squat (Clean Grip)', '前蹲（干净握法）', 'Strength', 'barbell', 0),
(297, 'Front Two-Dumbbell Raise', '双哑铃前平举', 'Strength', 'dumbbell', 0),
(298, 'Full Range-Of-Motion Lat Pulldown', '全范围运动高位下拉', 'Strength', 'cable', 0),
(299, 'Gironda Sternum Chins', '吉朗达式胸骨引体向上', 'Strength', 'other', 0),
(300, 'Glute Ham Raise', '腿后侧与臀部抬高', '', 'machine', 0),
(301, 'Glute Kickback', '臀肌反冲', 'Strength', 'body only', 0),
(302, 'Goblet Squat', '高脚杯深蹲', 'Strength', 'kettlebells', 0),
(303, 'Good Morning', '早安式体前屈', '', 'barbell', 0),
(304, 'Good Morning off Pins', '架上半程早安式', '', 'barbell', 0),
(305, 'Gorilla Chin/Crunch', '猩猩式卷腹 / 悬挂提膝卷腹', 'Strength', 'body only', 0),
(306, 'Groiners', '登山者式', '', 'body only', 0),
(307, 'Groin and Back Stretch', '腹股沟和背部拉伸', '', NULL, 0),
(308, 'Hack Squat', '哈克深蹲', 'Strength', 'machine', 0),
(309, 'Hammer Curls', '锤式弯举', 'Strength', 'dumbbell', 0),
(310, 'Hammer Grip Incline DB Bench Press', '锤握式上斜卧推卧推', 'Strength', 'dumbbell', 0),
(311, 'Hamstring-SMR', '腿筋放松', '', 'foam roll', 0),
(312, 'Hamstring Stretch', '腿筋拉伸', '', NULL, 0),
(313, 'Handstand Push-Ups', '倒立俯卧撑', 'Strength', 'body only', 0),
(314, 'Hanging Bar Good Morning', '悬垂杠早安式', '', 'barbell', 0),
(315, 'Hanging Leg Raise', '悬垂举腿', 'Strength', 'body only', 0),
(316, 'Hanging Pike', '悬垂直角举腿', 'Strength', 'body only', 0),
(317, 'Hang Clean', '悬垂高翻', '', 'barbell', 0),
(318, 'Hang Clean - Below the Knees', '膝下悬垂高翻\n', '', 'barbell', 0),
(319, 'Hang Snatch', '悬挂抓举', '', 'barbell', 0),
(320, 'Hang Snatch - Below Knees', '膝下悬挂抓举', '', 'barbell', 0),
(321, 'Heaving Snatch Balance', '举升抓举平衡', '', 'barbell', 0),
(322, 'Heavy Bag Thrust', '重袋猛推', '', 'other', 0),
(323, 'High Cable Curls', '高位绳索弯举', 'Strength', 'cable', 0),
(324, 'Hip Circles (prone)', '臀圈（俯卧）', '', 'body only', 0),
(325, 'Hip Extension with Bands', '弹力带髋部伸展', 'Strength', 'bands', 0),
(326, 'Hip Flexion with Band', '弹力带屈髋', 'Strength', 'bands', 0),
(327, 'Hip Lift with Band', '弹力带提臀', '', 'bands', 0),
(328, 'Hug A Ball', '抱球式', '', 'exercise ball', 0),
(329, 'Hug Knees To Chest', '抱膝贴胸', '', NULL, 0),
(330, 'Hurdle Hops', '跨栏跳跃', '', 'other', 0),
(331, 'Hyperextensions (Back Extensions)', '山羊挺身', 'Strength', 'other', 0),
(332, 'Hyperextensions With No Hyperextension Bench', '无器械背伸展', 'Strength', 'body only', 0),
(333, 'Iliotibial Tract-SMR', '髂胫束自我肌筋膜放松', '', 'foam roll', 0),
(334, 'Inchworm', '尺蠖式', '', 'body only', 0),
(335, 'Incline Barbell Triceps Extension', '上斜杠铃三头肌伸展', 'Strength', 'barbell', 0),
(336, 'Incline Bench Pull', '上斜卧推', 'Strength', 'barbell', 0),
(337, 'Incline Cable Chest Press', '上斜绳索胸部推举', 'Strength', 'cable', 0),
(338, 'Incline Cable Flye', '上斜绳索飞鸟', 'Strength', 'cable', 0),
(339, 'Incline Dumbbell Bench With Palms Facing In', '上斜哑铃卧推（掌心相对）', 'Strength', 'dumbbell', 0),
(340, 'Incline Dumbbell Curl', '上斜哑铃弯举', 'Strength', 'dumbbell', 0),
(341, 'Incline Dumbbell Flyes', '上斜哑铃飞鸟', 'Strength', 'dumbbell', 0),
(342, 'Incline Dumbbell Flyes - With A Twist', '上斜哑铃飞鸟 - 扭转', 'Strength', 'dumbbell', 0),
(343, 'Incline Dumbbell Press', '上斜哑铃推举', 'Strength', 'dumbbell', 0),
(344, 'Incline Hammer Curls', '上斜锤式弯举', 'Strength', 'dumbbell', 0),
(345, 'Incline Inner Biceps Curl', '上斜内二头肌弯举', 'Strength', 'dumbbell', 0),
(346, 'Incline Push-Up', '上斜俯卧撑', 'Strength', 'body only', 0),
(347, 'Incline Push-Up Close-Grip', '上斜俯卧撑窄握', 'Strength', 'body only', 0),
(348, 'Incline Push-Up Depth Jump', '上斜俯卧撑深度跳跃', '', 'other', 0),
(349, 'Incline Push-Up Medium', '中斜俯卧撑', 'Strength', 'body only', 0),
(350, 'Incline Push-Up Reverse Grip', '上斜俯卧撑反握', 'Strength', 'body only', 0),
(351, 'Incline Push-Up Wide', '上斜俯卧撑宽幅', 'Strength', 'body only', 0),
(352, 'Intermediate Groin Stretch', '中级腹股沟拉伸', '', 'other', 0),
(353, 'Intermediate Hip Flexor and Quad Stretch', '中间髋屈肌和股四头肌拉伸', '', 'other', 0),
(354, 'Internal Rotation with Band', '弹力带内旋', 'Strength', 'bands', 0),
(355, 'Inverted Row', '倒划船', 'Strength', NULL, 0),
(356, 'Inverted Row with Straps', '带肩带倒划船', 'Strength', 'other', 0),
(357, 'Iron Cross', '铁十字', 'Strength', 'dumbbell', 0),
(358, 'Iron Crosses (stretch)', '铁十字（拉伸）', '', NULL, 0),
(359, 'Isometric Chest Squeezes', '等距胸部挤压', '', 'body only', 0),
(360, 'Isometric Neck Exercise - Front And Back', '等长颈部运动 - 前后', 'Strength', 'body only', 0),
(361, 'Isometric Neck Exercise - Sides', '等长颈部运动 - 两侧', 'Strength', 'body only', 0),
(362, 'Isometric Wipers', '等距雨刷式', 'Strength', 'body only', 0),
(363, 'IT Band and Glute Stretch', '髂胫束和臀肌拉伸', '', 'other', 0),
(364, 'Jackknife Sit-Up', '折刀仰卧起坐', 'Strength', 'body only', 0),
(365, 'Janda Sit-Up', '詹达仰卧起坐', 'Strength', 'body only', 0),
(366, 'Jefferson Squats', '杰斐逊深蹲', 'Strength', 'barbell', 0),
(367, 'Jerk Balance', '借力推平衡', '', 'barbell', 0),
(368, 'Jerk Dip Squat', '挺举深蹲', '', 'barbell', 0),
(369, 'JM Press', 'JM推举', 'Strength', 'barbell', 0),
(370, 'Jogging, Treadmill', '慢跑、跑步机', 'Cardio', 'machine', 0),
(371, 'Keg Load', '酒桶负载', '', 'other', 0),
(372, 'Kettlebell Arnold Press', '壶铃阿诺德推举', 'Strength', 'kettlebells', 0),
(373, 'Kettlebell Dead Clean', '壶铃地板高翻', 'Strength', 'kettlebells', 0),
(374, 'Kettlebell Figure 8', '壶铃八字绕环', 'Strength', 'kettlebells', 0),
(375, 'Kettlebell Hang Clean', '壶铃悬挂高翻', 'Strength', 'kettlebells', 0),
(376, 'Kettlebell One-Legged Deadlift', '壶铃单腿硬拉', 'Strength', 'kettlebells', 0),
(377, 'Kettlebell Pass Between The Legs', '壶铃在两腿传递', 'Strength', 'kettlebells', 0),
(378, 'Kettlebell Pirate Ships', '壶铃海盗船', 'Strength', 'kettlebells', 0),
(379, 'Kettlebell Pistol Squat', '壶铃手枪深蹲', 'Strength', 'kettlebells', 0),
(380, 'Kettlebell Seated Press', '壶铃坐式推举', 'Strength', 'kettlebells', 0),
(381, 'Kettlebell Seesaw Press', '壶铃跷跷板推举机', 'Strength', 'kettlebells', 0),
(382, 'Kettlebell Sumo High Pull', '壶铃相扑高拉', 'Strength', 'kettlebells', 0),
(383, 'Kettlebell Thruster', '壶铃火箭推', 'Strength', 'kettlebells', 0),
(384, 'Kettlebell Turkish Get-Up (Lunge style)', '壶铃土耳其起立（弓步式）', 'Strength', 'kettlebells', 0),
(385, 'Kettlebell Turkish Get-Up (Squat style)', '壶铃土耳其起立（深蹲式）', 'Strength', 'kettlebells', 0),
(386, 'Kettlebell Windmill', '壶铃风车', 'Strength', 'kettlebells', 0),
(387, 'Kipping Muscle Up', '肌肉发达', 'Strength', 'other', 0),
(388, 'Kneeling Arm Drill', '跪臂练习', '', NULL, 0),
(389, 'Kneeling Cable Crunch With Alternating Oblique Twists', '跪式绳索卷腹交替斜扭转', 'Strength', 'cable', 0),
(390, 'Kneeling Cable Triceps Extension', '跪姿绳索三头肌伸展', 'Strength', 'cable', 0),
(391, 'Kneeling Forearm Stretch', '跪姿前臂伸展', '', NULL, 0),
(392, 'Kneeling High Pulley Row', '跪式高位滑车划船', 'Strength', 'cable', 0),
(393, 'Kneeling Hip Flexor', '跪姿髋屈肌', '', NULL, 0),
(394, 'Kneeling Jump Squat', '跪跳深蹲', '', 'barbell', 0),
(395, 'Kneeling Single-Arm High Pulley Row', '跪式单臂高位滑轮划船', 'Strength', 'cable', 0),
(396, 'Kneeling Squat', '跪姿深蹲', '', 'barbell', 0),
(397, 'Knee Across The Body', '膝过躯干伸展', '', NULL, 0),
(398, 'Knee Circles', '膝盖绕圈', '', 'body only', 0),
(399, 'Knee/Hip Raise On Parallel Bars', '双杠上提膝/提臀', 'Strength', 'other', 0),
(400, 'Knee Tuck Jump', '抱膝跳', '', 'body only', 0),
(401, 'Landmine 180\'s', '地雷管180度转体', 'Strength', 'barbell', 0),
(402, 'Landmine Linear Jammer', '地雷管直线猛推', 'Strength', 'barbell', 0),
(403, 'Lateral Bound', '横向束缚', '', 'body only', 0),
(404, 'Lateral Box Jump', '横向跳箱', '', 'other', 0),
(405, 'Lateral Cone Hops', '横向圆锥跳跃', '', 'other', 0),
(406, 'Lateral Raise - With Bands', '侧平举 - 带弹力带', 'Strength', 'bands', 0),
(407, 'Latissimus Dorsi-SMR', '背阔肌放松', '', 'foam roll', 0),
(408, 'Leg-Over Floor Press', '腿过地板推举', 'Strength', 'kettlebells', 0),
(409, 'Leg-Up Hamstring Stretch', '腿部腿筋拉伸', '', NULL, 0),
(410, 'Leg Extensions', '腿部伸展运动', 'Strength', 'machine', 0),
(411, 'Leg Lift', '腿部提升', 'Strength', 'body only', 0),
(412, 'Leg Press', '腿部推举', 'Strength', 'machine', 0),
(413, 'Leg Pull-In', '仰卧屈膝收腹', 'Strength', 'body only', 0),
(414, 'Leverage Chest Press', '杠杆胸部按压', 'Strength', 'machine', 0),
(415, 'Leverage Deadlift', '杠杆硬拉', 'Strength', 'machine', 0),
(416, 'Leverage Decline Chest Press', '杠杆下斜胸部推举', 'Strength', 'machine', 0),
(417, 'Leverage High Row', '杠杆高划船', 'Strength', 'machine', 0),
(418, 'Leverage Incline Chest Press', '杠杆上斜胸部推举', 'Strength', 'machine', 0),
(419, 'Leverage Iso Row', '杠杆等距划船', 'Strength', 'machine', 0),
(420, 'Leverage Shoulder Press', '杠杆肩部推举', 'Strength', 'machine', 0),
(421, 'Leverage Shrug', '杠杆耸肩', 'Strength', 'machine', 0),
(422, 'Linear 3-Part Start Technique', '直线三段式起跑', '', NULL, 0),
(423, 'Linear Acceleration Wall Drill', '直线加速靠墙训练', '', NULL, 0),
(424, 'Linear Depth Jump', '直线深度跳', '', 'other', 0),
(425, 'Log Lift', '圆木上举', '', 'other', 0),
(426, 'London Bridges', '伦敦桥式', 'Strength', 'other', 0),
(427, 'Looking At Ceiling', '仰视天花板式', '', NULL, 0),
(428, 'Lower Back-SMR', '下背部放松', '', 'foam roll', 0),
(429, 'Lower Back Curl', '下背部弯举', '', 'body only', 0),
(430, 'Low Cable Crossover', '低位绳索飞鸟', 'Strength', 'cable', 0),
(431, 'Low Cable Triceps Extension', '低位绳索肱三头肌伸展', 'Strength', 'cable', 0),
(432, 'Low Pulley Row To Neck', '低位绳索划船（至颈后）', 'Strength', 'cable', 0),
(433, 'Lunge Pass Through', '弓步传球', 'Strength', 'kettlebells', 0),
(434, 'Lunge Sprint', '弓步冲刺', 'Strength', 'machine', 0),
(435, 'Lying Bent Leg Groin', '仰卧屈腿腹股沟拉伸', '', 'other', 0),
(436, 'Lying Cable Curl', '卧式绳索弯举', 'Strength', 'cable', 0),
(437, 'Lying Cambered Barbell Row', '卧式弧形杠铃划船', 'Strength', 'barbell', 0),
(438, 'Lying Close-Grip Barbell Triceps Extension Behind The Head', '仰卧窄距杠铃过头臂屈伸', 'Strength', 'barbell', 0),
(439, 'Lying Close-Grip Barbell Triceps Press To Chin', '仰卧窄距杠铃臂屈伸（至下巴）', 'Strength', 'e-z curl bar', 0),
(440, 'Lying Close-Grip Bar Curl On High Pulley', '高位滑轮上平卧紧握杠铃弯举', 'Strength', 'cable', 0),
(441, 'Lying Crossover', '仰卧交叉卷腹', '', 'body only', 0),
(442, 'Lying Dumbbell Tricep Extension', '卧式哑铃三头肌伸展', 'Strength', 'dumbbell', 0),
(443, 'Lying Face Down Plate Neck Resistance', '俯卧负重颈后抗阻', 'Strength', 'other', 0),
(444, 'Lying Face Up Plate Neck Resistance', '仰卧负重颈前抗阻', 'Strength', 'other', 0),
(445, 'Lying Glute', '仰卧臀肌伸展', '', 'body only', 0),
(446, 'Lying Hamstring', '仰卧腘绳肌拉伸', '', 'other', 0),
(447, 'Lying High Bench Barbell Curl', '仰卧高凳杠铃弯举', 'Strength', 'barbell', 0),
(448, 'Lying Leg Curls', '仰卧腿弯举', 'Strength', 'machine', 0),
(449, 'Lying Machine Squat', '仰卧机深蹲', 'Strength', 'machine', 0),
(450, 'Lying One-Arm Lateral Raise', '仰卧单臂侧平举', 'Strength', 'dumbbell', 0),
(451, 'Lying Prone Quadriceps', '俯卧股四头肌', '', 'body only', 0),
(452, 'Lying Rear Delt Raise', '仰卧三角肌后平举', 'Strength', 'dumbbell', 0),
(453, 'Lying Supine Dumbbell Curl', '仰卧哑铃弯举', 'Strength', 'dumbbell', 0),
(454, 'Lying T-Bar Row', '卧式T字杆划船', 'Strength', 'machine', 0),
(455, 'Lying Triceps Press', '仰卧三头肌推举', 'Strength', 'e-z curl bar', 0),
(456, 'Machine Bench Press', '器械卧推', 'Strength', 'machine', 0),
(457, 'Machine Bicep Curl', '器械二头肌弯举', 'Strength', 'machine', 0),
(458, 'Machine Preacher Curls', '器械传教士弯举', 'Strength', 'machine', 0),
(459, 'Machine Shoulder (Military) Press', '器械肩推（军事推举）', 'Strength', 'machine', 0),
(460, 'Machine Triceps Extension', '器械三头肌伸展', 'Strength', 'machine', 0),
(461, 'Medicine Ball Chest Pass', '药球胸前传球', '', 'medicine ball', 0),
(462, 'Medicine Ball Full Twist', '药球全身扭转', '', 'medicine ball', 0),
(463, 'Medicine Ball Scoop Throw', '药球铲球式抛投', '', 'medicine ball', 0),
(464, 'Middle Back Shrug', '中背部耸肩', 'Strength', 'dumbbell', 0),
(465, 'Middle Back Stretch', '中背部伸展', '', NULL, 0),
(466, 'Mixed Grip Chin', '混合握法引体向上', 'Strength', 'other', 0),
(467, 'Monster Walk', '怪兽步', 'Strength', 'bands', 0),
(468, 'Mountain Climbers', '登山跑', '', NULL, 0),
(469, 'Moving Claw Series', '移动爪式系列', '', NULL, 0),
(470, 'Muscle Snatch', '肌肉抓举', '', 'barbell', 0),
(471, 'Muscle Up', '双力臂', 'Strength', 'other', 0),
(472, 'Narrow Stance Hack Squats', '窄站哈克深蹲', 'Strength', 'machine', 0),
(473, 'Narrow Stance Leg Press', '窄距腿举', 'Strength', 'machine', 0),
(474, 'Narrow Stance Squats', '窄站距深蹲', 'Strength', 'barbell', 0),
(475, 'Natural Glute Ham Raise', '无器械臀腿后侧抬高', 'Strength', 'body only', 0),
(476, 'Neck-SMR', '颈部放松', '', 'other', 0),
(477, 'Neck Press', '颈部按压', 'Strength', 'barbell', 0),
(478, 'Oblique Crunches', '斜仰卧起坐', 'Strength', 'body only', 0),
(479, 'Oblique Crunches - On The Floor', '斜仰卧起坐 - 在地板上', 'Strength', 'body only', 0),
(480, 'Olympic Squat', '奥林匹克深蹲', '', 'barbell', 0),
(481, 'On-Your-Back Quad Stretch', '背式四头肌拉伸', '', 'other', 0),
(482, 'One-Arm Dumbbell Row', '单臂哑铃划船', 'Strength', 'dumbbell', 0),
(483, 'One-Arm Flat Bench Dumbbell Flye', '单臂平板哑铃飞鸟凳', 'Strength', 'dumbbell', 0),
(484, 'One-Arm High-Pulley Cable Side Bends', '单臂高滑轮绳索侧弯', 'Strength', 'cable', 0),
(485, 'One-Arm Incline Lateral Raise', '单臂上斜侧平举', 'Strength', 'dumbbell', 0),
(486, 'One-Arm Kettlebell Clean', '单臂壶铃高翻', 'Strength', 'kettlebells', 0),
(487, 'One-Arm Kettlebell Clean and Jerk', '单臂壶铃挺举', 'Strength', 'kettlebells', 0),
(488, 'One-Arm Kettlebell Floor Press', '单臂壶铃地板卧推', 'Strength', 'kettlebells', 0),
(489, 'One-Arm Kettlebell Jerk', '单臂壶铃挺举', 'Strength', 'kettlebells', 0),
(490, 'One-Arm Kettlebell Military Press To The Side', '单臂壶铃侧向军事推举', 'Strength', 'kettlebells', 0),
(491, 'One-Arm Kettlebell Para Press', '单臂壶铃抛物线推举', 'Strength', 'kettlebells', 0),
(492, 'One-Arm Kettlebell Push Press', '单臂壶铃推举', 'Strength', 'kettlebells', 0),
(493, 'One-Arm Kettlebell Row', '单臂壶铃划船', 'Strength', 'kettlebells', 0),
(494, 'One-Arm Kettlebell Snatch', '单臂壶铃抓举', 'Strength', 'kettlebells', 0),
(495, 'One-Arm Kettlebell Split Jerk', '单臂壶铃分挺举', 'Strength', 'kettlebells', 0),
(496, 'One-Arm Kettlebell Split Snatch', '单臂壶铃分体抓举', 'Strength', 'kettlebells', 0),
(497, 'One-Arm Kettlebell Swings', '单臂壶铃摆动', 'Strength', 'kettlebells', 0),
(498, 'One-Arm Long Bar Row', '单臂长杠划船', 'Strength', 'barbell', 0),
(499, 'One-Arm Medicine Ball Slam', '单臂药球猛砸', 'Strength', 'medicine ball', 0),
(500, 'One-Arm Open Palm Kettlebell Clean', '单臂开掌壶铃高翻', 'Strength', 'kettlebells', 0),
(501, 'One-Arm Overhead Kettlebell Squats', '单臂过头壶铃深蹲', 'Strength', 'kettlebells', 0),
(502, 'One-Arm Side Deadlift', '单臂侧硬拉', 'Strength', 'barbell', 0),
(503, 'One-Arm Side Laterals', '单臂侧卧位', 'Strength', 'dumbbell', 0),
(504, 'One-Legged Cable Kickback', '单腿绳索反冲', 'Strength', 'cable', 0),
(505, 'One Arm Against Wall', '单臂扶墙伸展', '', NULL, 0),
(506, 'One Arm Chin-Up', '单臂引体向上', 'Strength', 'other', 0),
(507, 'One Arm Dumbbell Bench Press', '单臂哑铃卧推', 'Strength', 'dumbbell', 0),
(508, 'One Arm Dumbbell Preacher Curl', '单臂哑铃传教士弯举', 'Strength', 'dumbbell', 0),
(509, 'One Arm Floor Press', '单臂地板推举', 'Strength', 'barbell', 0),
(510, 'One Arm Lat Pulldown', '单臂高位下拉', 'Strength', 'cable', 0),
(511, 'One Arm Pronated Dumbbell Triceps Extension', '单臂正握哑铃肱三头肌伸展', 'Strength', 'dumbbell', 0),
(512, 'One Arm Supinated Dumbbell Triceps Extension', '单臂反握哑铃肱三头肌伸展', 'Strength', 'dumbbell', 0),
(513, 'One Half Locust', '半蝗虫式', '', NULL, 0),
(514, 'One Handed Hang', '单臂悬挂', '', 'other', 0),
(515, 'One Knee To Chest', '单膝贴胸', '', NULL, 0),
(516, 'One Leg Barbell Squat', '单腿杠铃深蹲', 'Strength', 'barbell', 0),
(517, 'On Your Side Quad Stretch', '侧四头肌伸展', '', NULL, 0),
(518, 'Open Palm Kettlebell Clean', '开握壶铃高翻', 'Strength', 'kettlebells', 0),
(519, 'Otis-Up', '奥蒂斯向上', 'Strength', 'other', 0),
(520, 'Overhead Cable Curl', '架空绳索弯举', 'Strength', 'cable', 0),
(521, 'Overhead Lat', '过头引体', '', 'other', 0),
(522, 'Overhead Slam', '过顶猛击', '', 'medicine ball', 0),
(523, 'Overhead Squat', '过头深蹲', '', 'barbell', 0),
(524, 'Overhead Stretch', '过顶伸展', '', NULL, 0),
(525, 'Overhead Triceps', '过顶肱三头肌伸展', '', 'body only', 0),
(526, 'Pallof Press', '帕洛夫挺举', 'Strength', 'cable', 0),
(527, 'Pallof Press With Rotation', '帕洛夫旋转推举', 'Strength', 'cable', 0),
(528, 'Palms-Down Dumbbell Wrist Curl Over A Bench', '掌心向下凳上哑铃腕弯举', 'Strength', 'dumbbell', 0),
(529, 'Palms-Down Wrist Curl Over A Bench', '掌心向下凳上腕弯举', 'Strength', 'barbell', 0),
(530, 'Palms-Up Barbell Wrist Curl Over A Bench', '掌心向上凳上杠铃腕弯举', 'Strength', 'barbell', 0),
(531, 'Palms-Up Dumbbell Wrist Curl Over A Bench', '掌心向上凳上哑铃腕弯举', 'Strength', 'dumbbell', 0),
(532, 'Parallel Bar Dip', '双杠臂屈伸', 'Strength', 'other', 0),
(533, 'Pelvic Tilt Into Bridge', '骨盆后倾接桥式', '', NULL, 0),
(534, 'Peroneals-SMR', '腓骨肌群自我肌筋膜放松', '', 'foam roll', 0),
(535, 'Peroneals Stretch', '腓骨肌拉伸', '', 'other', 0),
(536, 'Physioball Hip Bridge', '物理球臀桥', 'Strength', 'exercise ball', 0),
(537, 'Pin Presses', '针式推举', '', 'barbell', 0),
(538, 'Piriformis-SMR', '梨状肌自我肌筋膜放松', '', 'foam roll', 0),
(539, 'Plank', '平板支撑', 'Strength', 'body only', 0),
(540, 'Plate Pinch', '握片', 'Strength', 'other', 0),
(541, 'Plate Twist', '转盘扭腰', 'Strength', 'other', 0),
(542, 'Platform Hamstring Slides', '平台腿后侧滑动', 'Strength', 'other', 0),
(543, 'Plie Dumbbell Squat', '平举哑铃深蹲', 'Strength', 'dumbbell', 0),
(544, 'Plyo Kettlebell Pushups', 'Plyo 壶铃俯卧撑', 'Strength', 'kettlebells', 0),
(545, 'Plyo Push-up', '俯卧撑', '', 'body only', 0),
(546, 'Posterior Tibialis Stretch', '胫骨后肌拉伸', '', 'other', 0),
(547, 'Power Clean', '强力高翻', 'Strength', 'barbell', 0),
(548, 'Power Clean from Blocks', '垫木力量翻', '', 'barbell', 0),
(549, 'Power Jerk', '借力挺', '', 'barbell', 0),
(550, 'Power Partials', '局部力量推举', 'Strength', 'dumbbell', 0),
(551, 'Power Snatch', '力量抓举', '', 'barbell', 0),
(552, 'Power Snatch from Blocks', '垫木力量抓', '', 'barbell', 0),
(553, 'Power Stairs', '负重登阶', '', 'other', 0),
(554, 'Preacher Curl', '传教士弯举', 'Strength', 'barbell', 0),
(555, 'Preacher Hammer Dumbbell Curl', '传教锤哑铃弯举', 'Strength', 'dumbbell', 0),
(556, 'Press Sit-Up', '推举式仰卧起坐', 'Strength', 'barbell', 0),
(557, 'Prone Manual Hamstring', '俯卧手动腘绳肌拉伸', 'Strength', NULL, 0),
(558, 'Prowler Sprint', '推橇冲刺', 'Cardio', 'other', 0),
(559, 'Pullups', '引体向上', 'Strength', 'body only', 0),
(560, 'Pull Through', '绳索后拉', 'Strength', 'cable', 0),
(561, 'Push-Ups - Close Triceps Position', '窄距俯卧撑（肱三头肌位）', 'Strength', 'body only', 0),
(562, 'Push-Ups With Feet Elevated', '脚垫高俯卧撑', 'Strength', 'body only', 0),
(563, 'Push-Ups With Feet On An Exercise Ball', '健身球脚撑俯卧撑', 'Strength', 'exercise ball', 0),
(564, 'Push-Up Wide', '宽距俯卧撑', 'Strength', 'body only', 0),
(565, 'Pushups', '俯卧撑', 'Strength', 'body only', 0),
(566, 'Pushups (Close and Wide Hand Positions)', '俯卧撑（窄距与宽距手位）', 'Strength', 'body only', 0),
(567, 'Push Press', '借力推举', '', 'barbell', 0),
(568, 'Push Press - Behind the Neck', '借力推举 - 颈后', '', 'barbell', 0),
(569, 'Push Up to Side Plank', '侧平板支撑', 'Strength', 'body only', 0),
(570, 'Pyramid', '金字塔', '', 'exercise ball', 0),
(571, 'Quadriceps-SMR', '股四头肌放松', '', 'foam roll', 0),
(572, 'Quad Stretch', '股四头肌拉伸', '', 'other', 0),
(573, 'Quick Leap', '快速跳跃', '', 'other', 0),
(574, 'Rack Delivery', '架上交付', '', 'barbell', 0),
(575, 'Rack Pulls', '架上拉', '', 'barbell', 0),
(576, 'Rack Pull with Bands', '弹力带架上拉', '', 'barbell', 0),
(577, 'Rear Leg Raises', '后腿平举', '', 'body only', 0),
(578, 'Recumbent Bike', '卧式自划船车', 'Cardio', 'machine', 0),
(579, 'Return Push from Stance', '站姿回推', '', 'medicine ball', 0),
(580, 'Reverse Band Bench Press', '反向弹力带卧推', '', 'barbell', 0),
(581, 'Reverse Band Box Squat', '反向带箱深蹲', '', 'barbell', 0),
(582, 'Reverse Band Deadlift', '反向弹力带硬拉', '', 'barbell', 0),
(583, 'Reverse Band Power Squat', '反向弹力深蹲', '', 'barbell', 0),
(584, 'Reverse Band Sumo Deadlift', '反向弹力带相扑硬拉', '', 'barbell', 0),
(585, 'Reverse Barbell Curl', '反向杠铃弯举', 'Strength', 'barbell', 0),
(586, 'Reverse Barbell Preacher Curls', '反向杠铃传教士弯举', 'Strength', 'e-z curl bar', 0),
(587, 'Reverse Cable Curl', '反向绳索弯举', 'Strength', 'cable', 0),
(588, 'Reverse Crunch', '反向卷腹', 'Strength', 'body only', 0),
(589, 'Reverse Flyes', '反向飞鸟', 'Strength', 'dumbbell', 0),
(590, 'Reverse Flyes With External Rotation', '反向飞鸟结合肩外旋', 'Strength', 'dumbbell', 0),
(591, 'Reverse Grip Bent-Over Rows', '反握弯腰划船', 'Strength', 'barbell', 0),
(592, 'Reverse Grip Triceps Pushdown', '反握肱三头肌下压', 'Strength', 'cable', 0),
(593, 'Reverse Hyperextension', '反向山羊挺身', 'Strength', 'machine', 0),
(594, 'Reverse Machine Flyes', '器械反向飞鸟', 'Strength', 'machine', 0),
(595, 'Reverse Plate Curls', '反握杠铃片弯举', 'Strength', 'other', 0),
(596, 'Reverse Triceps Bench Press', '反向三头肌卧推', 'Strength', 'barbell', 0),
(597, 'Rhomboids-SMR', '菱形肌自我肌筋膜放松', '', 'foam roll', 0),
(598, 'Rickshaw Carry', '黄包车行走', '', 'other', 0),
(599, 'Rickshaw Deadlift', '黄包车硬拉', '', 'other', 0),
(600, 'Ring Dips', '吊环臂屈伸', 'Strength', 'other', 0),
(601, 'Rocket Jump', '火箭跳', '', 'body only', 0),
(602, 'Rocking Standing Calf Raise', '站立式摇摆提踵', 'Strength', 'barbell', 0),
(603, 'Rocky Pull-Ups/Pulldowns', '洛奇引体向上/下拉', 'Strength', 'other', 0),
(604, 'Romanian Deadlift', '罗马尼亚硬拉', 'Strength', 'barbell', 0),
(605, 'Romanian Deadlift from Deficit', '罗马尼亚硬拉赤字', '', 'barbell', 0),
(606, 'Rope Climb', '爬绳', 'Strength', 'other', 0),
(607, 'Rope Crunch', '绳索卷腹', 'Strength', 'cable', 0),
(608, 'Rope Jumping', '跳绳', 'Cardio', 'other', 0),
(609, 'Rope Straight-Arm Pulldown', '绳索直臂下拉', 'Strength', 'cable', 0),
(610, 'Round The World Shoulder Stretch', '肩部环绕世界伸展', '', 'other', 0),
(611, 'Rowing, Stationary', '划船，固定', 'Cardio', 'machine', 0),
(612, 'Runner\'s Stretch', '跑者式伸展', '', NULL, 0),
(613, 'Running, Treadmill', '跑步、跑步机', 'Cardio', 'machine', 0),
(614, 'Russian Twist', '俄罗斯转体', 'Strength', 'body only', 0),
(615, 'Sandbag Load', '沙袋负载', '', 'other', 0),
(616, 'Scapular Pull-Up', '肩胛引体向上', 'Strength', NULL, 0),
(617, 'Scissors Jump', '剪刀跳', '', 'body only', 0),
(618, 'Scissor Kick', '剪刀脚', '', 'body only', 0),
(619, 'Seated Band Hamstring Curl', '坐姿弹力带腿弯举', 'Strength', 'other', 0),
(620, 'Seated Barbell Military Press', '坐姿杠铃军事推举', 'Strength', 'barbell', 0),
(621, 'Seated Barbell Twist', '坐姿杠铃扭转', 'Strength', 'barbell', 0),
(622, 'Seated Bent-Over One-Arm Dumbbell Triceps Extension', '坐姿俯身单臂哑铃肱三头肌伸展', 'Strength', 'dumbbell', 0),
(623, 'Seated Bent-Over Rear Delt Raise', '坐姿俯身后三角肌飞鸟', 'Strength', 'dumbbell', 0),
(624, 'Seated Bent-Over Two-Arm Dumbbell Triceps Extension', '坐姿俯身双臂哑铃肱三头肌伸展', 'Strength', 'dumbbell', 0),
(625, 'Seated Biceps', '坐姿肱二头肌拉伸', '', 'body only', 0),
(626, 'Seated Cable Rows', '坐姿绳索划船', 'Strength', 'cable', 0),
(627, 'Seated Cable Shoulder Press', '坐式绳索肩部推举', 'Strength', 'cable', 0),
(628, 'Seated Calf Raise', '坐姿提踵', 'Strength', 'machine', 0),
(629, 'Seated Calf Stretch', '坐姿小腿伸展', '', NULL, 0),
(630, 'Seated Close-Grip Concentration Barbell Curl', '坐姿窄握集中杠铃弯举', 'Strength', 'barbell', 0),
(631, 'Seated Dumbbell Curl', '坐姿哑铃弯举', 'Strength', 'dumbbell', 0),
(632, 'Seated Dumbbell Inner Biceps Curl', '坐姿哑铃二头肌内弯举', 'Strength', 'dumbbell', 0),
(633, 'Seated Dumbbell Palms-Down Wrist Curl', '坐姿哑铃手掌向下手腕弯举', 'Strength', 'dumbbell', 0),
(634, 'Seated Dumbbell Palms-Up Wrist Curl', '坐姿哑铃手掌向上手腕弯举', 'Strength', 'dumbbell', 0),
(635, 'Seated Dumbbell Press', '坐姿哑铃推举', 'Strength', 'dumbbell', 0),
(636, 'Seated Flat Bench Leg Pull-In', '坐姿平凳屈膝收腹', 'Strength', 'body only', 0),
(637, 'Seated Floor Hamstring Stretch', '坐姿地板腿筋拉伸', '', NULL, 0),
(638, 'Seated Front Deltoid', '坐姿三角肌前束拉伸', '', 'body only', 0),
(639, 'Seated Glute', '坐姿臀肌拉伸', '', 'body only', 0),
(640, 'Seated Good Mornings', '坐姿早安式', '', 'barbell', 0),
(641, 'Seated Hamstring', '坐姿腘绳肌拉伸', '', NULL, 0),
(642, 'Seated Hamstring and Calf Stretch', '坐姿腘绳肌与小腿拉伸', '', 'other', 0),
(643, 'Seated Head Harness Neck Resistance', '坐姿头带颈抗阻训练', 'Strength', 'other', 0),
(644, 'Seated Leg Curl', '坐姿腿弯举', 'Strength', 'machine', 0),
(645, 'Seated Leg Tucks', '坐姿腿部提拉', 'Strength', 'body only', 0),
(646, 'Seated One-arm Cable Pulley Rows', '坐式单臂绳索滑轮划船', 'Strength', 'cable', 0),
(647, 'Seated One-Arm Dumbbell Palms-Down Wrist Curl', '坐姿单臂哑铃反握腕弯举', 'Strength', 'dumbbell', 0),
(648, 'Seated One-Arm Dumbbell Palms-Up Wrist Curl', '坐姿单臂哑铃正握腕弯举', 'Strength', 'dumbbell', 0),
(649, 'Seated Overhead Stretch', '坐姿过头拉伸', '', NULL, 0),
(650, 'Seated Palm-Up Barbell Wrist Curl', '坐姿正握杠铃腕弯举', 'Strength', 'barbell', 0),
(651, 'Seated Palms-Down Barbell Wrist Curl', '坐姿反握杠铃腕弯举', 'Strength', 'barbell', 0),
(652, 'Seated Side Lateral Raise', '坐姿侧平举', 'Strength', 'dumbbell', 0),
(653, 'Seated Triceps Press', '坐式三头肌推举', 'Strength', 'dumbbell', 0),
(654, 'Seated Two-Arm Palms-Up Low-Pulley Wrist Curl', '坐姿双臂正握低位滑轮腕弯举', 'Strength', 'cable', 0),
(655, 'See-Saw Press (Alternating Side Press)', '跷跷板推举（交替侧推）', 'Strength', 'dumbbell', 0),
(656, 'Shotgun Row', '霰弹枪划船', 'Strength', 'cable', 0),
(657, 'Shoulder Circles', '肩部环绕', '', NULL, 0),
(658, 'Shoulder Press - With Bands', '肩部推举 - 带弹力带', 'Strength', 'bands', 0),
(659, 'Shoulder Raise', '肩部平举', '', NULL, 0),
(660, 'Shoulder Stretch', '肩部伸展', '', NULL, 0),
(661, 'Side-Lying Floor Stretch', '侧卧地板伸展', '', NULL, 0),
(662, 'Side Bridge', '边桥', 'Strength', 'body only', 0),
(663, 'Side Hop-Sprint', '侧跳冲刺', '', 'other', 0),
(664, 'Side Jackknife', '侧向折叠刀式卷腹', 'Strength', 'body only', 0),
(665, 'Side Laterals to Front Raise', '侧平举转前平举', 'Strength', 'dumbbell', 0),
(666, 'Side Lateral Raise', '侧平举', 'Strength', 'dumbbell', 0),
(667, 'Side Leg Raises', '侧举腿', '', 'body only', 0),
(668, 'Side Lying Groin Stretch', '侧卧腹股沟拉伸', '', NULL, 0),
(669, 'Side Neck Stretch', '侧颈拉伸', '', NULL, 0),
(670, 'Side Standing Long Jump', '侧立定跳远', '', NULL, 0),
(671, 'Side to Side Box Shuffle', '左右箱滑步', '', 'other', 0),
(672, 'Side To Side Chins', '左右交替引体向上', 'Strength', 'other', 0),
(673, 'Side Wrist Pull', '侧腕拉', '', NULL, 0),
(674, 'Single-Arm Cable Crossover', '单臂绳索交叉飞鸟', 'Strength', 'cable', 0),
(675, 'Single-Arm Linear Jammer', '单臂直线猛推', 'Strength', 'barbell', 0),
(676, 'Single-Arm Push-Up', '单臂俯卧撑', 'Strength', 'body only', 0),
(677, 'Single-Cone Sprint Drill', '单锥桶冲刺训练', '', 'other', 0),
(678, 'Single-Leg High Box Squat', '单腿高箱深蹲', 'Strength', 'other', 0),
(679, 'Single-Leg Hop Progression', '单腿跳跃进阶', '', 'other', 0),
(680, 'Single-Leg Lateral Hop', '单腿侧向跳', '', 'other', 0),
(681, 'Single-Leg Leg Extension', '单腿腿屈伸', 'Strength', 'machine', 0),
(682, 'Single-Leg Stride Jump', '单腿跨步跳', '', 'other', 0),
(683, 'Single Dumbbell Raise', '单哑铃上举', 'Strength', 'dumbbell', 0),
(684, 'Single Leg Butt Kick', '单腿臀踢', '', 'body only', 0),
(685, 'Single Leg Glute Bridge', '单腿臀桥', 'Strength', 'body only', 0),
(686, 'Single Leg Push-off', '单腿蹬地', '', 'other', 0),
(687, 'Sit-Up', '仰卧起坐', 'Strength', 'body only', 0),
(688, 'Sit Squats', '坐姿深蹲', '', NULL, 0),
(689, 'Skating', '溜冰', 'Cardio', 'other', 0),
(690, 'Sledgehammer Swings', '大锤摆动', '', 'other', 0),
(691, 'Sled Drag - Harness', '雪橇拖拽（背带式）', '', 'other', 0),
(692, 'Sled Overhead Backward Walk', '负重过顶后退走', 'Strength', 'other', 0),
(693, 'Sled Overhead Triceps Extension', '雪橇过顶肱三头肌伸展', 'Strength', 'other', 0),
(694, 'Sled Push', '推雪橇', '', 'other', 0),
(695, 'Sled Reverse Flye', '雪橇反向飞鸟', 'Strength', 'other', 0),
(696, 'Sled Row', '雪橇划船', 'Strength', 'other', 0),
(697, 'Smith Incline Shoulder Raise', '史密斯上斜举肩', 'Strength', 'barbell', 0),
(698, 'Smith Machine Behind the Back Shrug', '史密斯机背后耸肩', 'Strength', 'machine', 0),
(699, 'Smith Machine Bench Press', '史密斯机卧推', 'Strength', 'machine', 0),
(700, 'Smith Machine Bent Over Row', '史密斯机弯腰划船', 'Strength', 'machine', 0),
(701, 'Smith Machine Calf Raise', '史密斯机提踵', 'Strength', 'machine', 0),
(702, 'Smith Machine Close-Grip Bench Press', '史密斯机窄握卧推', 'Strength', 'machine', 0),
(703, 'Smith Machine Decline Press', '史密斯机下斜卧推', 'Strength', 'machine', 0),
(704, 'Smith Machine Hang Power Clean', '史密斯机悬挂高翻', 'Strength', 'machine', 0),
(705, 'Smith Machine Hip Raise', '史密斯机提臀', 'Strength', 'machine', 0),
(706, 'Smith Machine Incline Bench Press', '史密斯机上斜卧推', 'Strength', 'machine', 0),
(707, 'Smith Machine Leg Press', '史密斯机腿举机', 'Strength', 'machine', 0),
(708, 'Smith Machine One-Arm Upright Row', '史密斯机单臂直立划船', 'Strength', 'machine', 0),
(709, 'Smith Machine Overhead Shoulder Press', '史密斯机过肩推举', 'Strength', 'machine', 0),
(710, 'Smith Machine Pistol Squat', '史密斯机手枪深蹲', 'Strength', 'machine', 0),
(711, 'Smith Machine Reverse Calf Raises', '史密斯机反向提踵', 'Strength', 'machine', 0),
(712, 'Smith Machine Squat', '史密斯机深蹲', 'Strength', 'machine', 0),
(713, 'Smith Machine Stiff-Legged Deadlift', '史密斯机直腿硬拉', 'Strength', 'machine', 0),
(714, 'Smith Machine Upright Row', '史密斯机直立划船', 'Strength', 'machine', 0),
(715, 'Smith Single-Leg Split Squat', '史密斯单腿分腿深蹲', 'Strength', 'machine', 0),
(716, 'Snatch', '抓举', '', 'barbell', 0),
(717, 'Snatch Balance', '抓举支撑深蹲', '', 'barbell', 0),
(718, 'Snatch Deadlift', '抓举硬拉', '', 'barbell', 0),
(719, 'Snatch from Blocks', '垫木抓举', '', 'barbell', 0),
(720, 'Snatch Pull', '拉力抓举', 'Strength', 'barbell', 0),
(721, 'Snatch Shrug', '抓举耸肩', '', 'barbell', 0),
(722, 'Speed Band Overhead Triceps', '弹力带过顶肱三头肌伸展', 'Strength', 'bands', 0),
(723, 'Speed Box Squat', '快速箱式深蹲', '', 'barbell', 0),
(724, 'Speed Squats', '速度深蹲', 'Strength', 'barbell', 0),
(725, 'Spell Caster', '施法者转体', 'Strength', 'dumbbell', 0),
(726, 'Spider Crawl', '蜘蛛爬行', 'Strength', 'body only', 0),
(727, 'Spider Curl', '蜘蛛弯举', 'Strength', 'e-z curl bar', 0),
(728, 'Spinal Stretch', '脊柱伸展', '', NULL, 0),
(729, 'Split Clean', '分腿高翻', '', 'barbell', 0),
(730, 'Split Jerk', '分腿挺举', '', 'barbell', 0),
(731, 'Split Jump', '分腿跳', '', 'body only', 0),
(732, 'Split Snatch', '分体抓举', '', 'barbell', 0),
(733, 'Split Squats', '分腿深蹲', '', NULL, 0),
(734, 'Split Squat with Dumbbells', '哑铃分腿蹲', 'Strength', 'dumbbell', 0),
(735, 'Squats - With Bands', '深蹲（弹力带辅助）', 'Strength', 'bands', 0),
(736, 'Squat Jerk', '深蹲式挺举', 'Strength', 'barbell', 0),
(737, 'Squat with Bands', '弹力带深蹲', '', 'barbell', 0),
(738, 'Squat with Chains', '带铁链深蹲', '', 'barbell', 0),
(739, 'Squat with Plate Movers', '持片移动深蹲', 'Strength', 'barbell', 0),
(740, 'Stairmaster', '爬梯机', 'Cardio', 'machine', 0),
(741, 'Standing Alternating Dumbbell Press', '站立交替哑铃推举', 'Strength', 'dumbbell', 0),
(742, 'Standing Barbell Calf Raise', '站立杠铃提踵', 'Strength', 'barbell', 0),
(743, 'Standing Barbell Press Behind Neck', '站立杠铃颈后推举', 'Strength', 'barbell', 0),
(744, 'Standing Bent-Over One-Arm Dumbbell Triceps Extension', '站立弯腰单臂哑铃肱三头肌伸展', 'Strength', 'dumbbell', 0),
(745, 'Standing Bent-Over Two-Arm Dumbbell Triceps Extension', '站立弯腰两臂哑铃三头肌伸展', 'Strength', 'dumbbell', 0),
(746, 'Standing Biceps Cable Curl', '站立二头肌绳索弯举', 'Strength', 'cable', 0),
(747, 'Standing Biceps Stretch', '站立二头肌伸展', '', 'other', 0),
(748, 'Standing Bradford Press', '站立布拉德福德推举', 'Strength', 'barbell', 0),
(749, 'Standing Cable Chest Press', '站立绳索胸部推举', 'Strength', 'cable', 0),
(750, 'Standing Cable Lift', '站姿绳索上提', 'Strength', 'cable', 0),
(751, 'Standing Cable Wood Chop', '站姿绳索伐木', 'Strength', 'cable', 0),
(752, 'Standing Calf Raises', '站立提踵', 'Strength', 'machine', 0),
(753, 'Standing Concentration Curl', '站立集中弯举', 'Strength', 'dumbbell', 0),
(754, 'Standing Dumbbell Calf Raise', '站立哑铃提踵', 'Strength', 'dumbbell', 0),
(755, 'Standing Dumbbell Press', '站立哑铃推举', 'Strength', 'dumbbell', 0),
(756, 'Standing Dumbbell Reverse Curl', '站立哑铃反向弯举', 'Strength', 'dumbbell', 0),
(757, 'Standing Dumbbell Straight-Arm Front Delt Raise Above Head', '站姿哑铃直臂前平举过顶', 'Strength', 'dumbbell', 0),
(758, 'Standing Dumbbell Triceps Extension', '站立哑铃三头肌伸展', 'Strength', 'dumbbell', 0),
(759, 'Standing Dumbbell Upright Row', '站立哑铃直立划船', 'Strength', 'dumbbell', 0),
(760, 'Standing Elevated Quad Stretch', '站立高架四头肌伸展', '', 'other', 0),
(761, 'Standing Front Barbell Raise Over Head', '站立前杠铃举过头顶', 'Strength', 'barbell', 0),
(762, 'Standing Gastrocnemius Calf Stretch', '站立腓肠肌小腿伸展', '', NULL, 0),
(763, 'Standing Hamstring and Calf Stretch', '站立腿筋和小腿伸展', '', 'other', 0),
(764, 'Standing Hip Circles', '站立臀圈', '', 'body only', 0),
(765, 'Standing Hip Flexors', '站立髋屈肌', '', NULL, 0),
(766, 'Standing Inner-Biceps Curl', '站立二头肌内侧弯举', 'Strength', 'dumbbell', 0),
(767, 'Standing Lateral Stretch', '站立侧向拉伸', '', NULL, 0),
(768, 'Standing Leg Curl', '站立腿弯举', 'Strength', 'machine', 0),
(769, 'Standing Long Jump', '立定跳远', '', 'body only', 0),
(770, 'Standing Low-Pulley Deltoid Raise', '站姿低位滑轮三角肌上提', 'Strength', 'cable', 0),
(771, 'Standing Low-Pulley One-Arm Triceps Extension', '站姿低位滑轮单臂肱三头肌伸展', 'Strength', 'cable', 0),
(772, 'Standing Military Press', '站姿军事推举', 'Strength', 'barbell', 0),
(773, 'Standing Olympic Plate Hand Squeeze', '站姿奥林匹克握片挤压', 'Strength', 'other', 0),
(774, 'Standing One-Arm Cable Curl', '站姿单臂绳索弯举', 'Strength', 'cable', 0),
(775, 'Standing One-Arm Dumbbell Curl Over Incline Bench', '上斜凳上站立单臂哑铃弯举', 'Strength', 'dumbbell', 0),
(776, 'Standing One-Arm Dumbbell Triceps Extension', '站立单臂哑铃肱三头肌伸展', 'Strength', 'dumbbell', 0);
INSERT INTO `exercise_library` (`exercise_id`, `name`, `name_zh`, `type`, `equipment`, `is_custom`) VALUES
(777, 'Standing Overhead Barbell Triceps Extension', '站立过头杠铃三头肌伸展', 'Strength', 'barbell', 0),
(778, 'Standing Palm-In One-Arm Dumbbell Press', '站立掌心单臂哑铃推举', 'Strength', 'dumbbell', 0),
(779, 'Standing Palms-In Dumbbell Press', '站立手掌哑铃推举', 'Strength', 'dumbbell', 0),
(780, 'Standing Palms-Up Barbell Behind The Back Wrist Curl', '站姿正握杠铃背后腕弯举', 'Strength', 'barbell', 0),
(781, 'Standing Pelvic Tilt', '站姿骨盆后倾', '', NULL, 0),
(782, 'Standing Rope Crunch', '站姿绳索卷腹', 'Strength', 'cable', 0),
(783, 'Standing Soleus And Achilles Stretch', '站姿比目鱼肌与跟腱拉伸', '', NULL, 0),
(784, 'Standing Toe Touches', '站姿体前屈触脚趾', '', NULL, 0),
(785, 'Standing Towel Triceps Extension', '站姿毛巾肱三头肌伸展', 'Strength', 'body only', 0),
(786, 'Standing Two-Arm Overhead Throw', '站姿双臂过顶抛掷', '', 'medicine ball', 0),
(787, 'Star Jump', '星形跳', '', 'body only', 0),
(788, 'Step-up with Knee Raise', '登台阶接提膝', 'Strength', 'body only', 0),
(789, 'Step Mill', '旋转台阶机', 'Cardio', 'machine', 0),
(790, 'Stiff-Legged Barbell Deadlift', '直腿杠铃硬拉', 'Strength', 'barbell', 0),
(791, 'Stiff-Legged Dumbbell Deadlift', '直腿哑铃硬拉', 'Strength', 'dumbbell', 0),
(792, 'Stiff Leg Barbell Good Morning', '直腿杠铃早安式', 'Strength', 'barbell', 0),
(793, 'Stomach Vacuum', '腹部真空收缩', '', 'body only', 0),
(794, 'Straight-Arm Dumbbell Pullover', '直臂哑铃仰卧直臂上拉', 'Strength', 'dumbbell', 0),
(795, 'Straight-Arm Pulldown', '直臂下拉', 'Strength', 'cable', 0),
(796, 'Straight Bar Bench Mid Rows', '直杆（杠铃）中位划船', 'Strength', 'barbell', 0),
(797, 'Straight Raises on Incline Bench', '上斜凳直臂上举', 'Strength', 'barbell', 0),
(798, 'Stride Jump Crossover', '交叉跨步跳', '', 'other', 0),
(799, 'Sumo Deadlift', '相扑硬拉', '', 'barbell', 0),
(800, 'Sumo Deadlift with Bands', '相扑弹力带硬拉', '', 'barbell', 0),
(801, 'Sumo Deadlift with Chains', '相扑链式硬拉', '', 'barbell', 0),
(802, 'Superman', '超人式', '', 'body only', 0),
(803, 'Supine Chest Throw', '仰卧胸前抛球', '', 'medicine ball', 0),
(804, 'Supine One-Arm Overhead Throw', '仰卧单臂过顶抛掷', '', 'medicine ball', 0),
(805, 'Supine Two-Arm Overhead Throw', '仰卧两臂过头投掷', '', 'medicine ball', 0),
(806, 'Suspended Fallout', '悬吊前伸', 'Strength', 'other', 0),
(807, 'Suspended Push-Up', '悬吊俯卧撑', 'Strength', 'other', 0),
(808, 'Suspended Reverse Crunch', '悬吊反向卷腹', 'Strength', 'other', 0),
(809, 'Suspended Row', '悬吊划船', 'Strength', 'other', 0),
(810, 'Suspended Split Squat', '悬吊分腿蹲', 'Strength', 'other', 0),
(811, 'Svend Press', '斯文德推举', 'Strength', 'other', 0),
(812, 'T-Bar Row with Handle', '把手T型杆划船', 'Strength', 'barbell', 0),
(813, 'Tate Press', '泰特推举', 'Strength', 'dumbbell', 0),
(814, 'The Straddle', '横叉伸展', '', NULL, 0),
(815, 'Thigh Abductor', '大腿外展肌训练', 'Strength', 'machine', 0),
(816, 'Thigh Adductor', '大腿内收肌训练', 'Strength', 'machine', 0),
(817, 'Tire Flip', '翻轮胎', '', 'other', 0),
(818, 'Toe Touchers', '脚趾触碰', '', 'body only', 0),
(819, 'Torso Rotation', '躯干旋转', '', 'exercise ball', 0),
(820, 'Trail Running/Walking', '越野跑/走', 'Cardio', NULL, 0),
(821, 'Trap Bar Deadlift', '六角杠铃硬拉', 'Strength', 'other', 0),
(822, 'Triceps Overhead Extension with Rope', '绳索过顶肱三头肌伸展', 'Strength', 'cable', 0),
(823, 'Triceps Pushdown', '三头肌下压', 'Strength', 'cable', 0),
(824, 'Triceps Pushdown - Rope Attachment', '三头肌绳索下压', 'Strength', 'cable', 0),
(825, 'Triceps Pushdown - V-Bar Attachment', '三头肌下压 - V 形杆', 'Strength', 'cable', 0),
(826, 'Triceps Stretch', '肱三头肌拉伸', '', NULL, 0),
(827, 'Tricep Dumbbell Kickback', '哑铃肱三头肌俯身臂屈伸', 'Strength', 'dumbbell', 0),
(828, 'Tricep Side Stretch', '三头肌侧拉伸', '', NULL, 0),
(829, 'Tuck Crunch', '塔克卷腹', 'Strength', 'body only', 0),
(830, 'Two-Arm Dumbbell Preacher Curl', '双臂哑铃传教士弯举', 'Strength', 'dumbbell', 0),
(831, 'Two-Arm Kettlebell Clean', '双臂壶铃高翻', 'Strength', 'kettlebells', 0),
(832, 'Two-Arm Kettlebell Jerk', '双臂壶铃挺举', 'Strength', 'kettlebells', 0),
(833, 'Two-Arm Kettlebell Military Press', '双臂壶铃军事推举', 'Strength', 'kettlebells', 0),
(834, 'Two-Arm Kettlebell Row', '双臂壶铃划船', 'Strength', 'kettlebells', 0),
(835, 'Underhand Cable Pulldowns', '反握高位下拉', 'Strength', 'cable', 0),
(836, 'Upper Back-Leg Grab', '上背部-腿部抓握伸展', '', NULL, 0),
(837, 'Upper Back Stretch', '上背部拉伸', '', NULL, 0),
(838, 'Upright Barbell Row', '直立杠铃划船', 'Strength', 'barbell', 0),
(839, 'Upright Cable Row', '直立绳索划船', 'Strength', 'cable', 0),
(840, 'Upright Row - With Bands', '直立划船 - 带弹力带', 'Strength', 'bands', 0),
(841, 'Upward Stretch', '向上伸展', '', NULL, 0),
(842, 'V-Bar Pulldown', 'V 型杆下拉', 'Strength', 'cable', 0),
(843, 'V-Bar Pullup', 'V 型引体向上', 'Strength', 'body only', 0),
(844, 'Vertical Swing', '垂直摆动', '', 'dumbbell', 0),
(845, 'Walking, Treadmill', '步划船、跑步机', 'Cardio', 'machine', 0),
(846, 'Weighted Ball Hyperextension', '负重球体背伸展', 'Strength', 'exercise ball', 0),
(847, 'Weighted Ball Side Bend', '负重球体侧屈', 'Strength', 'exercise ball', 0),
(848, 'Weighted Bench Dip', '负重凳上臂屈伸', 'Strength', 'other', 0),
(849, 'Weighted Crunches', '负重仰卧起坐', 'Strength', 'medicine ball', 0),
(850, 'Weighted Jump Squat', '负重深蹲跳', 'Strength', 'barbell', 0),
(851, 'Weighted Pull Ups', '负重引体向上', 'Strength', 'other', 0),
(852, 'Weighted Sissy Squat', '负重西斯深蹲', 'Strength', 'barbell', 0),
(853, 'Weighted Sit-Ups - With Bands', '负重仰卧起坐 - 带弹力带', 'Strength', 'other', 0),
(854, 'Weighted Squat', '负重深蹲', 'Strength', 'other', 0),
(855, 'Wide-Grip Barbell Bench Press', '宽握杠铃卧推', 'Strength', 'barbell', 0),
(856, 'Wide-Grip Decline Barbell Bench Press', '宽握下斜杠铃卧推', 'Strength', 'barbell', 0),
(857, 'Wide-Grip Decline Barbell Pullover', '宽握下斜杠铃仰卧直臂上拉', 'Strength', 'barbell', 0),
(858, 'Wide-Grip Lat Pulldown', '宽握高位下拉', 'Strength', 'cable', 0),
(859, 'Wide-Grip Pulldown Behind The Neck', '颈后宽握下拉', 'Strength', 'cable', 0),
(860, 'Wide-Grip Rear Pull-Up', '宽握后引体向上', 'Strength', 'body only', 0),
(861, 'Wide-Grip Standing Barbell Curl', '宽握站立杠铃弯举', 'Strength', 'barbell', 0),
(862, 'Wide Stance Barbell Squat', '宽距杠铃深蹲', 'Strength', 'barbell', 0),
(863, 'Wide Stance Stiff Legs', '宽站距直腿硬拉', '', 'barbell', 0),
(864, 'Windmills', '风车式', '', NULL, 0),
(865, 'Wind Sprints', '疾风冲刺', 'Strength', 'body only', 0),
(866, 'World\'s Greatest Stretch', '世界最佳伸展', '', NULL, 0),
(867, 'Wrist Circles', '手腕环绕', '', 'body only', 0),
(868, 'Wrist Roller', '腕力滚轮', 'Strength', 'other', 0),
(869, 'Wrist Rotations with Straight Bar', '直杆手腕旋转', 'Strength', 'barbell', 0),
(870, 'Yoke Walk', '牛角包行走', '', 'other', 0),
(871, 'Zercher Squats', '泽彻深蹲', 'Strength', 'barbell', 0),
(872, 'Zottman Curl', '佐特曼弯举', 'Strength', 'dumbbell', 0),
(873, 'Zottman Preacher Curl', '佐特曼牧师弯举', 'Strength', 'dumbbell', 0);

-- --------------------------------------------------------

--
-- 表的结构 `exercise_muscle_link`
--

DROP TABLE IF EXISTS `exercise_muscle_link`;
CREATE TABLE IF NOT EXISTS `exercise_muscle_link` (
  `link_id` int NOT NULL AUTO_INCREMENT,
  `exercise_id` int NOT NULL,
  `muscle_id` int NOT NULL,
  `is_primary` tinyint(1) DEFAULT '1',
  PRIMARY KEY (`link_id`),
  KEY `exercise_id` (`exercise_id`),
  KEY `muscle_id` (`muscle_id`)
) ENGINE=MyISAM AUTO_INCREMENT=2492 DEFAULT CHARSET=utf8mb4 COLLATE=utf8mb4_0900_ai_ci;

--
-- 转存表中的数据 `exercise_muscle_link`
--

INSERT INTO `exercise_muscle_link` (`link_id`, `exercise_id`, `muscle_id`, `is_primary`) VALUES
(1, 1, 21, 1),
(2, 2, 17, 1),
(3, 2, 19, 0),
(4, 3, 21, 1),
(5, 4, 21, 1),
(6, 4, 20, 0),
(7, 7, 21, 1),
(8, 7, 18, 0),
(9, 7, 17, 0),
(10, 7, 20, 0),
(11, 8, 21, 1),
(12, 9, 16, 1),
(13, 9, 16, 0),
(14, 10, 8, 1),
(15, 10, 10, 0),
(16, 11, 21, 1),
(17, 12, 8, 1),
(18, 12, 10, 0),
(19, 13, 16, 1),
(20, 13, 19, 0),
(21, 13, 18, 0),
(22, 13, 17, 0),
(23, 14, 20, 1),
(24, 14, 9, 0),
(25, 15, 20, 1),
(26, 16, 11, 1),
(27, 16, 21, 0),
(28, 16, 20, 0),
(29, 16, 9, 0),
(30, 17, 17, 1),
(31, 17, 8, 0),
(32, 17, 19, 0),
(33, 17, 10, 0),
(34, 17, 18, 0),
(35, 17, 14, 0),
(36, 17, 15, 0),
(37, 18, 20, 1),
(38, 18, 9, 0),
(39, 19, 13, 1),
(40, 19, 8, 0),
(41, 19, 12, 0),
(42, 20, 13, 1),
(43, 20, 21, 0),
(44, 20, 8, 0),
(45, 20, 11, 0),
(46, 20, 12, 0),
(47, 20, 9, 0),
(48, 21, 19, 1),
(49, 22, 18, 1),
(50, 23, 19, 1),
(51, 24, 20, 1),
(52, 24, 13, 0),
(53, 24, 15, 0),
(54, 24, 9, 0),
(55, 25, 20, 1),
(56, 25, 15, 0),
(57, 26, 20, 1),
(58, 26, 9, 0),
(59, 27, 11, 1),
(60, 27, 20, 0),
(61, 28, 14, 1),
(62, 28, 21, 0),
(63, 28, 8, 0),
(64, 28, 19, 0),
(65, 28, 10, 0),
(66, 28, 18, 0),
(67, 28, 17, 0),
(68, 28, 13, 0),
(69, 28, 16, 0),
(70, 28, 15, 0),
(71, 29, 14, 1),
(72, 29, 8, 0),
(73, 29, 10, 0),
(74, 29, 18, 0),
(75, 29, 17, 0),
(76, 29, 16, 0),
(77, 30, 14, 1),
(78, 30, 10, 0),
(79, 30, 18, 0),
(80, 30, 17, 0),
(81, 30, 13, 0),
(82, 30, 16, 0),
(83, 30, 15, 0),
(84, 31, 16, 1),
(85, 31, 19, 0),
(86, 31, 10, 0),
(87, 31, 18, 0),
(88, 31, 17, 0),
(89, 31, 14, 0),
(90, 32, 20, 1),
(91, 33, 20, 1),
(92, 33, 13, 0),
(93, 33, 9, 0),
(94, 34, 19, 1),
(95, 34, 17, 0),
(96, 34, 16, 0),
(97, 35, 17, 1),
(98, 35, 19, 0),
(99, 35, 18, 0),
(100, 36, 12, 1),
(101, 36, 21, 0),
(102, 36, 10, 0),
(103, 36, 13, 0),
(104, 37, 17, 1),
(105, 37, 18, 0),
(106, 37, 14, 0),
(107, 38, 17, 1),
(108, 38, 18, 0),
(109, 38, 14, 0),
(110, 40, 20, 1),
(111, 40, 13, 0),
(112, 40, 15, 0),
(113, 41, 9, 1),
(114, 42, 21, 1),
(115, 42, 14, 0),
(116, 42, 20, 0),
(117, 43, 21, 1),
(118, 43, 14, 0),
(119, 43, 20, 0),
(120, 44, 11, 1),
(121, 44, 20, 0),
(122, 44, 9, 0),
(123, 45, 8, 1),
(124, 45, 10, 0),
(125, 46, 8, 1),
(126, 47, 14, 1),
(127, 47, 19, 0),
(128, 47, 10, 0),
(129, 47, 18, 0),
(130, 47, 17, 0),
(131, 47, 12, 0),
(132, 47, 13, 0),
(133, 47, 16, 0),
(134, 47, 15, 0),
(135, 48, 16, 1),
(136, 48, 19, 0),
(137, 48, 18, 0),
(138, 48, 17, 0),
(139, 48, 14, 0),
(140, 49, 18, 1),
(141, 49, 19, 0),
(142, 49, 17, 0),
(143, 50, 11, 1),
(144, 50, 20, 0),
(145, 50, 9, 0),
(146, 51, 16, 1),
(147, 51, 19, 0),
(148, 51, 10, 0),
(149, 51, 17, 0),
(150, 52, 18, 1),
(151, 52, 19, 0),
(152, 52, 17, 0),
(153, 53, 11, 1),
(154, 53, 20, 0),
(155, 53, 9, 0),
(156, 54, 20, 1),
(157, 54, 11, 0),
(158, 55, 16, 1),
(159, 55, 19, 0),
(160, 55, 18, 0),
(161, 55, 17, 0),
(162, 56, 20, 1),
(163, 56, 8, 0),
(164, 56, 12, 0),
(165, 56, 13, 0),
(166, 57, 21, 1),
(167, 57, 18, 0),
(168, 57, 17, 0),
(169, 57, 12, 0),
(170, 57, 20, 0),
(171, 58, 19, 1),
(172, 59, 20, 1),
(173, 59, 11, 0),
(174, 59, 9, 0),
(175, 60, 15, 1),
(176, 61, 15, 1),
(177, 61, 10, 0),
(178, 61, 13, 0),
(179, 62, 21, 1),
(180, 62, 14, 0),
(181, 63, 16, 1),
(182, 63, 19, 0),
(183, 63, 17, 0),
(184, 63, 14, 0),
(185, 64, 16, 1),
(186, 64, 19, 0),
(187, 64, 18, 0),
(188, 64, 17, 0),
(189, 64, 14, 0),
(190, 65, 16, 1),
(191, 65, 19, 0),
(192, 65, 18, 0),
(193, 65, 17, 0),
(194, 65, 14, 0),
(195, 66, 16, 1),
(196, 66, 19, 0),
(197, 66, 18, 0),
(198, 66, 17, 0),
(199, 66, 16, 0),
(200, 67, 16, 1),
(201, 67, 19, 0),
(202, 67, 18, 0),
(203, 67, 17, 0),
(204, 68, 20, 1),
(205, 68, 11, 0),
(206, 68, 10, 0),
(207, 69, 16, 1),
(208, 69, 19, 0),
(209, 69, 18, 0),
(210, 69, 17, 0),
(211, 70, 11, 1),
(212, 70, 20, 0),
(213, 71, 9, 1),
(214, 71, 11, 0),
(215, 71, 20, 0),
(216, 72, 16, 1),
(217, 72, 19, 0),
(218, 72, 18, 0),
(219, 72, 17, 0),
(220, 73, 9, 1),
(221, 73, 11, 0),
(222, 73, 10, 0),
(223, 73, 12, 0),
(224, 73, 20, 0),
(225, 74, 11, 1),
(226, 74, 20, 0),
(227, 74, 9, 0),
(228, 75, 9, 1),
(229, 75, 11, 0),
(230, 75, 12, 0),
(231, 75, 20, 0),
(232, 76, 16, 1),
(233, 76, 19, 0),
(234, 76, 18, 0),
(235, 76, 17, 0),
(236, 77, 12, 1),
(237, 77, 11, 0),
(238, 77, 12, 0),
(239, 77, 20, 0),
(240, 77, 9, 0),
(241, 78, 11, 1),
(242, 78, 12, 0),
(243, 78, 20, 0),
(244, 78, 9, 0),
(245, 79, 21, 1),
(246, 80, 13, 1),
(247, 80, 8, 0),
(248, 80, 12, 0),
(249, 80, 20, 0),
(250, 81, 20, 1),
(251, 82, 20, 1),
(252, 82, 14, 0),
(253, 82, 13, 0),
(254, 82, 15, 0),
(255, 83, 13, 1),
(256, 83, 8, 0),
(257, 83, 12, 0),
(258, 83, 14, 0),
(259, 83, 15, 0),
(260, 84, 13, 1),
(261, 84, 8, 0),
(262, 84, 12, 0),
(263, 85, 13, 1),
(264, 85, 8, 0),
(265, 85, 12, 0),
(266, 85, 20, 0),
(267, 86, 13, 1),
(268, 86, 8, 0),
(269, 86, 12, 0),
(270, 87, 21, 1),
(271, 87, 18, 0),
(272, 87, 17, 0),
(273, 87, 14, 0),
(274, 87, 16, 0),
(275, 87, 20, 0),
(276, 87, 9, 0),
(277, 88, 16, 1),
(278, 88, 19, 0),
(279, 88, 18, 0),
(280, 88, 17, 0),
(281, 89, 16, 1),
(282, 89, 19, 0),
(283, 89, 18, 0),
(284, 89, 17, 0),
(285, 90, 9, 1),
(286, 90, 11, 0),
(287, 90, 10, 0),
(288, 90, 12, 0),
(289, 90, 20, 0),
(290, 91, 9, 1),
(291, 91, 21, 0),
(292, 91, 10, 0),
(293, 92, 11, 1),
(294, 92, 21, 0),
(295, 92, 20, 0),
(296, 92, 9, 0),
(297, 93, 13, 1),
(298, 93, 8, 0),
(299, 93, 12, 0),
(300, 94, 16, 1),
(301, 94, 18, 0),
(302, 94, 17, 0),
(303, 95, 16, 1),
(304, 95, 19, 0),
(305, 95, 18, 0),
(306, 95, 17, 0),
(307, 96, 9, 1),
(308, 97, 21, 1),
(309, 98, 10, 1),
(310, 98, 8, 0),
(311, 98, 20, 0),
(312, 99, 21, 1),
(313, 100, 17, 1),
(314, 100, 19, 0),
(315, 100, 18, 0),
(316, 100, 16, 0),
(317, 101, 17, 1),
(318, 101, 19, 0),
(319, 101, 18, 0),
(320, 101, 16, 0),
(321, 102, 16, 1),
(322, 102, 19, 0),
(323, 102, 18, 0),
(324, 102, 17, 0),
(325, 102, 14, 0),
(326, 103, 16, 1),
(327, 103, 19, 0),
(328, 103, 18, 0),
(329, 103, 17, 0),
(330, 103, 14, 0),
(331, 104, 16, 1),
(332, 104, 19, 0),
(333, 104, 18, 0),
(334, 104, 17, 0),
(335, 104, 14, 0),
(336, 105, 8, 1),
(337, 106, 20, 1),
(338, 106, 9, 0),
(339, 107, 21, 1),
(340, 108, 11, 1),
(341, 109, 18, 1),
(342, 109, 17, 0),
(343, 110, 11, 1),
(344, 110, 20, 0),
(345, 110, 9, 0),
(346, 111, 11, 1),
(347, 111, 20, 0),
(348, 112, 21, 1),
(349, 113, 16, 1),
(350, 113, 10, 0),
(351, 113, 18, 0),
(352, 113, 17, 0),
(353, 113, 14, 0),
(354, 114, 8, 1),
(355, 115, 16, 1),
(356, 116, 12, 1),
(357, 117, 9, 1),
(358, 118, 20, 1),
(359, 119, 11, 1),
(360, 120, 21, 1),
(361, 121, 9, 1),
(362, 122, 9, 1),
(363, 123, 8, 1),
(364, 123, 10, 0),
(365, 124, 20, 1),
(366, 125, 21, 1),
(367, 126, 9, 1),
(368, 127, 20, 1),
(369, 127, 8, 0),
(370, 127, 13, 0),
(371, 128, 21, 1),
(372, 129, 21, 1),
(373, 130, 20, 1),
(374, 130, 13, 0),
(375, 130, 15, 0),
(376, 131, 20, 1),
(377, 131, 9, 0),
(378, 132, 15, 1),
(379, 133, 10, 1),
(380, 134, 15, 1),
(381, 135, 19, 1),
(382, 136, 19, 1),
(383, 137, 19, 1),
(384, 138, 19, 1),
(385, 139, 19, 1),
(386, 140, 19, 1),
(387, 141, 19, 1),
(388, 142, 21, 0),
(389, 142, 19, 0),
(390, 142, 18, 0),
(391, 142, 17, 0),
(392, 142, 16, 0),
(393, 143, 16, 1),
(394, 143, 10, 0),
(395, 143, 18, 0),
(396, 143, 17, 0),
(397, 143, 14, 0),
(398, 143, 15, 0),
(399, 144, 20, 1),
(400, 144, 10, 0),
(401, 145, 12, 1),
(402, 145, 21, 0),
(403, 145, 11, 0),
(404, 145, 20, 0),
(405, 146, 14, 1),
(406, 146, 13, 0),
(407, 146, 15, 0),
(408, 147, 9, 1),
(409, 148, 11, 1),
(410, 148, 20, 0),
(411, 148, 9, 0),
(412, 149, 17, 1),
(413, 150, 12, 1),
(414, 150, 14, 0),
(415, 151, 16, 1),
(416, 151, 19, 0),
(417, 151, 18, 0),
(418, 151, 17, 0),
(419, 152, 20, 1),
(420, 152, 8, 0),
(421, 152, 11, 0),
(422, 153, 11, 1),
(423, 153, 20, 0),
(424, 154, 11, 1),
(425, 154, 21, 0),
(426, 154, 20, 0),
(427, 154, 9, 0),
(428, 155, 11, 1),
(429, 155, 21, 0),
(430, 155, 20, 0),
(431, 155, 9, 0),
(432, 156, 11, 1),
(433, 156, 21, 0),
(434, 156, 20, 0),
(435, 156, 9, 0),
(436, 157, 11, 1),
(437, 157, 21, 0),
(438, 157, 20, 0),
(439, 157, 9, 0),
(440, 158, 11, 1),
(441, 159, 14, 1),
(442, 159, 18, 0),
(443, 159, 13, 0),
(444, 160, 12, 1),
(445, 160, 8, 0),
(446, 160, 10, 0),
(447, 160, 13, 0),
(448, 161, 15, 0),
(449, 162, 20, 1),
(450, 162, 10, 0),
(451, 162, 18, 0),
(452, 162, 17, 0),
(453, 162, 14, 0),
(454, 162, 15, 0),
(455, 162, 9, 0),
(456, 163, 17, 1),
(457, 163, 19, 0),
(458, 163, 10, 0),
(459, 163, 18, 0),
(460, 163, 14, 0),
(461, 163, 16, 0),
(462, 163, 20, 0),
(463, 163, 15, 0),
(464, 164, 20, 1),
(465, 164, 21, 0),
(466, 164, 18, 0),
(467, 164, 17, 0),
(468, 164, 14, 0),
(469, 164, 16, 0),
(470, 164, 15, 0),
(471, 164, 9, 0),
(472, 165, 20, 1),
(473, 165, 21, 0),
(474, 165, 19, 0),
(475, 165, 18, 0),
(476, 165, 17, 0),
(477, 165, 14, 0),
(478, 165, 13, 0),
(479, 165, 16, 0),
(480, 165, 20, 0),
(481, 165, 15, 0),
(482, 165, 9, 0),
(483, 166, 17, 1),
(484, 166, 10, 0),
(485, 166, 18, 0),
(486, 166, 14, 0),
(487, 166, 13, 0),
(488, 166, 16, 0),
(489, 166, 15, 0),
(490, 167, 16, 1),
(491, 167, 19, 0),
(492, 167, 18, 0),
(493, 167, 17, 0),
(494, 167, 20, 0),
(495, 167, 15, 0),
(496, 168, 16, 1),
(497, 168, 10, 0),
(498, 168, 18, 0),
(499, 168, 17, 0),
(500, 168, 14, 0),
(501, 168, 15, 0),
(502, 169, 15, 1),
(503, 169, 10, 0),
(504, 169, 20, 0),
(505, 170, 11, 1),
(506, 170, 20, 0),
(507, 170, 9, 0),
(508, 171, 9, 1),
(509, 171, 11, 0),
(510, 171, 20, 0),
(511, 172, 9, 1),
(512, 172, 11, 0),
(513, 172, 20, 0),
(514, 173, 8, 1),
(515, 173, 10, 0),
(516, 174, 9, 1),
(517, 174, 11, 0),
(518, 174, 20, 0),
(519, 175, 8, 1),
(520, 175, 10, 0),
(521, 176, 12, 1),
(522, 176, 8, 0),
(523, 176, 13, 0),
(524, 176, 20, 0),
(525, 177, 9, 1),
(526, 177, 21, 0),
(527, 177, 11, 0),
(528, 177, 20, 0),
(529, 178, 8, 1),
(530, 178, 10, 0),
(531, 179, 21, 1),
(532, 180, 16, 1),
(533, 180, 21, 0),
(534, 180, 8, 0),
(535, 180, 19, 0),
(536, 180, 10, 0),
(537, 180, 14, 0),
(538, 180, 20, 0),
(539, 180, 15, 0),
(540, 181, 8, 1),
(541, 181, 10, 0),
(542, 182, 21, 1),
(543, 183, 14, 1),
(544, 183, 21, 0),
(545, 183, 18, 0),
(546, 183, 17, 0),
(547, 183, 16, 0),
(548, 184, 8, 1),
(549, 184, 10, 0),
(550, 185, 11, 1),
(551, 185, 8, 0),
(552, 185, 20, 0),
(553, 186, 20, 1),
(554, 186, 10, 0),
(555, 187, 21, 1),
(556, 188, 21, 1),
(557, 189, 21, 1),
(558, 190, 20, 1),
(559, 190, 15, 0),
(560, 191, 14, 1),
(561, 191, 18, 0),
(562, 192, 14, 1),
(563, 192, 10, 0),
(564, 192, 18, 0),
(565, 192, 17, 0),
(566, 192, 13, 0),
(567, 192, 16, 0),
(568, 192, 15, 0),
(569, 193, 14, 1),
(570, 193, 10, 0),
(571, 193, 18, 0),
(572, 193, 17, 0),
(573, 193, 13, 0),
(574, 193, 16, 0),
(575, 193, 15, 0),
(576, 194, 21, 1),
(577, 195, 11, 1),
(578, 195, 20, 0),
(579, 195, 9, 0),
(580, 196, 9, 1),
(581, 196, 11, 0),
(582, 196, 20, 0),
(583, 197, 21, 1),
(584, 198, 11, 1),
(585, 198, 20, 0),
(586, 198, 9, 0),
(587, 199, 11, 1),
(588, 200, 9, 1),
(589, 201, 9, 1),
(590, 202, 21, 1),
(591, 203, 11, 1),
(592, 203, 20, 0),
(593, 203, 9, 0),
(594, 204, 21, 1),
(595, 205, 11, 1),
(596, 205, 20, 0),
(597, 205, 9, 0),
(598, 206, 14, 1),
(599, 206, 10, 0),
(600, 206, 18, 0),
(601, 206, 17, 0),
(602, 206, 13, 0),
(603, 206, 16, 0),
(604, 206, 15, 0),
(605, 207, 16, 1),
(606, 207, 19, 0),
(607, 207, 18, 0),
(608, 207, 17, 0),
(609, 208, 11, 1),
(610, 208, 20, 0),
(611, 208, 9, 0),
(612, 209, 9, 1),
(613, 209, 11, 0),
(614, 209, 20, 0),
(615, 210, 9, 1),
(616, 210, 11, 0),
(617, 210, 20, 0),
(618, 211, 19, 1),
(619, 212, 17, 1),
(620, 212, 8, 0),
(621, 212, 19, 0),
(622, 212, 10, 0),
(623, 212, 18, 0),
(624, 212, 14, 0),
(625, 212, 16, 0),
(626, 212, 15, 0),
(627, 213, 20, 1),
(628, 213, 19, 0),
(629, 213, 16, 0),
(630, 213, 9, 0),
(631, 214, 20, 1),
(632, 214, 19, 0),
(633, 214, 16, 0),
(634, 214, 9, 0),
(635, 215, 20, 1),
(636, 215, 18, 0),
(637, 215, 17, 0),
(638, 215, 16, 0),
(639, 216, 21, 1),
(640, 216, 18, 0),
(641, 216, 17, 0),
(642, 216, 20, 0),
(643, 216, 9, 0),
(644, 217, 16, 1),
(645, 217, 19, 0),
(646, 217, 18, 0),
(647, 217, 17, 0),
(648, 218, 18, 1),
(649, 218, 21, 0),
(650, 218, 17, 0),
(651, 219, 8, 1),
(652, 219, 10, 0),
(653, 220, 11, 1),
(654, 220, 20, 0),
(655, 220, 9, 0),
(656, 221, 8, 1),
(657, 221, 10, 0),
(658, 222, 11, 1),
(659, 222, 20, 0),
(660, 222, 9, 0),
(661, 223, 11, 1),
(662, 223, 20, 0),
(663, 223, 9, 0),
(664, 224, 8, 1),
(665, 224, 10, 0),
(666, 225, 17, 1),
(667, 225, 19, 0),
(668, 225, 10, 0),
(669, 225, 18, 0),
(670, 225, 14, 0),
(671, 225, 16, 0),
(672, 225, 20, 0),
(673, 225, 15, 0),
(674, 226, 9, 1),
(675, 226, 11, 0),
(676, 226, 20, 0),
(677, 227, 11, 1),
(678, 228, 13, 1),
(679, 228, 8, 0),
(680, 228, 10, 0),
(681, 228, 12, 0),
(682, 228, 20, 0),
(683, 229, 20, 1),
(684, 229, 9, 0),
(685, 230, 16, 1),
(686, 230, 19, 0),
(687, 230, 18, 0),
(688, 230, 17, 0),
(689, 231, 20, 1),
(690, 231, 13, 0),
(691, 232, 10, 1),
(692, 233, 20, 1),
(693, 234, 10, 1),
(694, 235, 20, 1),
(695, 235, 9, 0),
(696, 236, 9, 1),
(697, 237, 20, 1),
(698, 237, 8, 0),
(699, 237, 15, 0),
(700, 238, 8, 1),
(701, 239, 20, 1),
(702, 239, 8, 0),
(703, 240, 16, 1),
(704, 240, 19, 0),
(705, 240, 18, 0),
(706, 240, 17, 0),
(707, 241, 20, 1),
(708, 241, 15, 0),
(709, 242, 16, 1),
(710, 242, 19, 0),
(711, 242, 18, 0),
(712, 242, 17, 0),
(713, 243, 19, 1),
(714, 244, 20, 1),
(715, 244, 9, 0),
(716, 245, 15, 1),
(717, 246, 21, 1),
(718, 247, 16, 1),
(719, 247, 19, 0),
(720, 247, 18, 0),
(721, 247, 17, 0),
(722, 247, 14, 0),
(723, 248, 16, 1),
(724, 248, 19, 0),
(725, 248, 18, 0),
(726, 248, 17, 0),
(727, 248, 14, 0),
(728, 249, 16, 1),
(729, 249, 19, 0),
(730, 249, 18, 0),
(731, 249, 17, 0),
(732, 250, 9, 1),
(733, 251, 12, 1),
(734, 252, 11, 1),
(735, 252, 13, 0),
(736, 253, 11, 1),
(737, 253, 20, 0),
(738, 254, 20, 1),
(739, 254, 15, 0),
(740, 255, 21, 1),
(741, 256, 16, 1),
(742, 256, 18, 0),
(743, 256, 17, 0),
(744, 257, 12, 1),
(745, 257, 13, 0),
(746, 257, 15, 0),
(747, 258, 16, 1),
(748, 258, 19, 0),
(749, 258, 18, 0),
(750, 258, 17, 0),
(751, 259, 21, 1),
(752, 260, 21, 1),
(753, 261, 11, 1),
(754, 261, 20, 0),
(755, 261, 9, 0),
(756, 262, 20, 1),
(757, 263, 20, 1),
(758, 264, 20, 1),
(759, 265, 8, 1),
(760, 266, 9, 1),
(761, 266, 10, 0),
(762, 267, 20, 1),
(763, 267, 13, 0),
(764, 268, 10, 1),
(765, 268, 21, 0),
(766, 268, 18, 0),
(767, 268, 17, 0),
(768, 268, 14, 0),
(769, 268, 16, 0),
(770, 268, 15, 0),
(771, 269, 16, 1),
(772, 269, 19, 0),
(773, 269, 18, 0),
(774, 269, 17, 0),
(775, 270, 10, 1),
(776, 271, 11, 1),
(777, 272, 21, 1),
(778, 273, 21, 1),
(779, 274, 8, 1),
(780, 275, 17, 1),
(781, 275, 19, 0),
(782, 275, 18, 0),
(783, 276, 9, 1),
(784, 276, 11, 0),
(785, 276, 20, 0),
(786, 277, 9, 1),
(787, 277, 11, 0),
(788, 277, 20, 0),
(789, 278, 18, 1),
(790, 278, 17, 0),
(791, 279, 19, 1),
(792, 280, 11, 1),
(793, 280, 19, 0),
(794, 280, 18, 0),
(795, 280, 17, 0),
(796, 280, 16, 0),
(797, 280, 20, 0),
(798, 280, 9, 0),
(799, 281, 16, 1),
(800, 281, 21, 0),
(801, 281, 19, 0),
(802, 281, 18, 0),
(803, 281, 17, 0),
(804, 282, 16, 1),
(805, 282, 19, 0),
(806, 282, 18, 0),
(807, 282, 17, 0),
(808, 283, 16, 1),
(809, 283, 19, 0),
(810, 283, 18, 0),
(811, 283, 17, 0),
(812, 284, 21, 1),
(813, 285, 16, 1),
(814, 285, 19, 0),
(815, 285, 18, 0),
(816, 285, 17, 0),
(817, 286, 16, 1),
(818, 286, 19, 0),
(819, 286, 18, 0),
(820, 286, 17, 0),
(821, 287, 17, 1),
(822, 287, 19, 0),
(823, 287, 18, 0),
(824, 287, 16, 0),
(825, 288, 20, 1),
(826, 289, 16, 1),
(827, 289, 19, 0),
(828, 289, 18, 0),
(829, 289, 17, 0),
(830, 290, 20, 1),
(831, 291, 20, 1),
(832, 292, 17, 1),
(833, 293, 20, 1),
(834, 294, 11, 1),
(835, 294, 12, 0),
(836, 294, 20, 0),
(837, 294, 9, 0),
(838, 295, 16, 1),
(839, 295, 19, 0),
(840, 295, 18, 0),
(841, 296, 16, 1),
(842, 296, 21, 0),
(843, 296, 18, 0),
(844, 296, 17, 0),
(845, 297, 20, 1),
(846, 298, 12, 1),
(847, 298, 8, 0),
(848, 298, 13, 0),
(849, 298, 20, 0),
(850, 299, 12, 1),
(851, 299, 8, 0),
(852, 299, 13, 0),
(853, 300, 17, 1),
(854, 300, 19, 0),
(855, 300, 18, 0),
(856, 301, 18, 1),
(857, 301, 17, 0),
(858, 302, 16, 1),
(859, 302, 19, 0),
(860, 302, 18, 0),
(861, 302, 17, 0),
(862, 302, 20, 0),
(863, 303, 17, 1),
(864, 303, 21, 0),
(865, 303, 18, 0),
(866, 303, 14, 0),
(867, 304, 17, 1),
(868, 304, 21, 0),
(869, 304, 18, 0),
(870, 304, 14, 0),
(871, 305, 21, 1),
(872, 305, 8, 0),
(873, 305, 12, 0),
(874, 308, 16, 1),
(875, 308, 19, 0),
(876, 308, 18, 0),
(877, 308, 17, 0),
(878, 309, 8, 1),
(879, 310, 11, 1),
(880, 310, 20, 0),
(881, 310, 9, 0),
(882, 311, 17, 1),
(883, 312, 17, 1),
(884, 313, 20, 1),
(885, 313, 9, 0),
(886, 314, 17, 1),
(887, 314, 21, 0),
(888, 314, 18, 0),
(889, 314, 14, 0),
(890, 315, 21, 1),
(891, 316, 21, 1),
(892, 317, 16, 1),
(893, 317, 19, 0),
(894, 317, 10, 0),
(895, 317, 18, 0),
(896, 317, 17, 0),
(897, 317, 14, 0),
(898, 317, 20, 0),
(899, 317, 15, 0),
(900, 318, 16, 1),
(901, 318, 19, 0),
(902, 318, 10, 0),
(903, 318, 18, 0),
(904, 318, 17, 0),
(905, 318, 14, 0),
(906, 318, 20, 0),
(907, 318, 15, 0),
(908, 319, 17, 1),
(909, 319, 21, 0),
(910, 319, 19, 0),
(911, 319, 10, 0),
(912, 319, 18, 0),
(913, 319, 14, 0),
(914, 319, 16, 0),
(915, 319, 20, 0),
(916, 319, 15, 0),
(917, 320, 17, 1),
(918, 320, 21, 0),
(919, 320, 19, 0),
(920, 320, 10, 0),
(921, 320, 18, 0),
(922, 320, 14, 0),
(923, 320, 16, 0),
(924, 320, 20, 0),
(925, 320, 15, 0),
(926, 321, 16, 1),
(927, 321, 21, 0),
(928, 321, 10, 0),
(929, 321, 18, 0),
(930, 321, 17, 0),
(931, 321, 20, 0),
(932, 321, 9, 0),
(933, 322, 11, 1),
(934, 322, 21, 0),
(935, 322, 20, 0),
(936, 322, 9, 0),
(937, 323, 8, 1),
(938, 325, 18, 1),
(939, 325, 17, 0),
(940, 326, 16, 1),
(941, 327, 18, 1),
(942, 327, 19, 0),
(943, 327, 17, 0),
(944, 328, 14, 1),
(945, 328, 19, 0),
(946, 328, 18, 0),
(947, 329, 14, 1),
(948, 329, 18, 0),
(949, 330, 17, 1),
(950, 330, 19, 0),
(951, 330, 18, 0),
(952, 330, 17, 0),
(953, 331, 14, 1),
(954, 331, 18, 0),
(955, 331, 17, 0),
(956, 332, 14, 1),
(957, 332, 18, 0),
(958, 332, 17, 0),
(959, 334, 17, 1),
(960, 335, 9, 1),
(961, 335, 10, 0),
(962, 336, 13, 1),
(963, 336, 12, 0),
(964, 336, 20, 0),
(965, 337, 11, 1),
(966, 337, 20, 0),
(967, 337, 9, 0),
(968, 338, 11, 1),
(969, 338, 20, 0),
(970, 339, 11, 1),
(971, 339, 20, 0),
(972, 339, 9, 0),
(973, 340, 8, 1),
(974, 341, 11, 1),
(975, 341, 20, 0),
(976, 342, 11, 1),
(977, 342, 20, 0),
(978, 343, 11, 1),
(979, 343, 20, 0),
(980, 343, 9, 0),
(981, 344, 8, 1),
(982, 345, 8, 1),
(983, 346, 11, 1),
(984, 346, 20, 0),
(985, 346, 9, 0),
(986, 347, 9, 1),
(987, 347, 11, 0),
(988, 347, 20, 0),
(989, 348, 11, 1),
(990, 348, 20, 0),
(991, 348, 9, 0),
(992, 349, 11, 1),
(993, 349, 21, 0),
(994, 349, 20, 0),
(995, 349, 9, 0),
(996, 350, 11, 1),
(997, 350, 21, 0),
(998, 350, 20, 0),
(999, 350, 9, 0),
(1000, 351, 11, 1),
(1001, 351, 21, 0),
(1002, 351, 20, 0),
(1003, 351, 9, 0),
(1004, 352, 17, 1),
(1005, 353, 16, 1),
(1006, 354, 20, 1),
(1007, 355, 13, 1),
(1008, 355, 12, 0),
(1009, 356, 13, 1),
(1010, 356, 8, 0),
(1011, 356, 12, 0),
(1012, 357, 20, 1),
(1013, 357, 11, 0),
(1014, 357, 18, 0),
(1015, 357, 17, 0),
(1016, 357, 14, 0),
(1017, 357, 16, 0),
(1018, 357, 15, 0),
(1019, 358, 16, 1),
(1020, 359, 11, 1),
(1021, 359, 20, 0),
(1022, 359, 9, 0),
(1023, 362, 11, 1),
(1024, 362, 21, 0),
(1025, 362, 20, 0),
(1026, 362, 9, 0),
(1027, 364, 21, 1),
(1028, 365, 21, 1),
(1029, 366, 16, 1),
(1030, 366, 19, 0),
(1031, 366, 18, 0),
(1032, 366, 17, 0),
(1033, 366, 14, 0),
(1034, 366, 15, 0),
(1035, 367, 20, 1),
(1036, 367, 18, 0),
(1037, 367, 17, 0),
(1038, 367, 16, 0),
(1039, 367, 9, 0),
(1040, 368, 16, 1),
(1041, 368, 21, 0),
(1042, 368, 19, 0),
(1043, 369, 9, 1),
(1044, 369, 11, 0),
(1045, 369, 20, 0),
(1046, 370, 16, 1),
(1047, 370, 18, 0),
(1048, 370, 17, 0),
(1049, 371, 14, 1),
(1050, 371, 21, 0),
(1051, 371, 8, 0),
(1052, 371, 19, 0),
(1053, 371, 10, 0),
(1054, 371, 18, 0),
(1055, 371, 17, 0),
(1056, 371, 13, 0),
(1057, 371, 16, 0),
(1058, 371, 20, 0),
(1059, 371, 15, 0),
(1060, 372, 20, 1),
(1061, 372, 9, 0),
(1062, 373, 17, 1),
(1063, 373, 19, 0),
(1064, 373, 18, 0),
(1065, 373, 14, 0),
(1066, 373, 16, 0),
(1067, 373, 15, 0),
(1068, 374, 21, 1),
(1069, 374, 17, 0),
(1070, 374, 20, 0),
(1071, 375, 17, 1),
(1072, 375, 19, 0),
(1073, 375, 18, 0),
(1074, 375, 14, 0),
(1075, 375, 20, 0),
(1076, 375, 15, 0),
(1077, 376, 17, 1),
(1078, 376, 18, 0),
(1079, 376, 14, 0),
(1080, 377, 21, 1),
(1081, 377, 18, 0),
(1082, 377, 17, 0),
(1083, 377, 20, 0),
(1084, 378, 20, 1),
(1085, 378, 21, 0),
(1086, 379, 16, 1),
(1087, 379, 19, 0),
(1088, 379, 18, 0),
(1089, 379, 17, 0),
(1090, 379, 20, 0),
(1091, 380, 20, 1),
(1092, 380, 9, 0),
(1093, 381, 20, 1),
(1094, 381, 9, 0),
(1095, 382, 15, 1),
(1096, 382, 18, 0),
(1097, 382, 17, 0),
(1098, 382, 16, 0),
(1099, 382, 20, 0),
(1100, 383, 20, 1),
(1101, 383, 16, 0),
(1102, 383, 9, 0),
(1103, 384, 20, 1),
(1104, 384, 21, 0),
(1105, 384, 17, 0),
(1106, 384, 16, 0),
(1107, 384, 9, 0),
(1108, 385, 20, 1),
(1109, 385, 21, 0),
(1110, 385, 19, 0),
(1111, 385, 17, 0),
(1112, 385, 16, 0),
(1113, 385, 9, 0),
(1114, 386, 21, 1),
(1115, 386, 18, 0),
(1116, 386, 17, 0),
(1117, 386, 20, 0),
(1118, 386, 9, 0),
(1119, 387, 12, 1),
(1120, 387, 21, 0),
(1121, 387, 8, 0),
(1122, 387, 10, 0),
(1123, 387, 13, 0),
(1124, 387, 20, 0),
(1125, 387, 15, 0),
(1126, 387, 9, 0),
(1127, 388, 20, 1),
(1128, 388, 21, 0),
(1129, 389, 21, 1),
(1130, 390, 9, 1),
(1131, 391, 10, 1),
(1132, 392, 12, 1),
(1133, 392, 8, 0),
(1134, 392, 13, 0),
(1135, 393, 16, 1),
(1136, 393, 16, 0),
(1137, 394, 18, 1),
(1138, 394, 19, 0),
(1139, 394, 17, 0),
(1140, 394, 16, 0),
(1141, 395, 12, 1),
(1142, 395, 8, 0),
(1143, 395, 13, 0),
(1144, 396, 18, 1),
(1145, 396, 21, 0),
(1146, 396, 17, 0),
(1147, 396, 14, 0),
(1148, 397, 18, 1),
(1149, 397, 14, 0),
(1150, 398, 19, 1),
(1151, 398, 17, 0),
(1152, 398, 16, 0),
(1153, 399, 21, 1),
(1154, 400, 17, 1),
(1155, 400, 19, 0),
(1156, 400, 18, 0),
(1157, 400, 16, 0),
(1158, 401, 21, 1),
(1159, 401, 18, 0),
(1160, 401, 14, 0),
(1161, 401, 20, 0),
(1162, 402, 20, 1),
(1163, 402, 21, 0),
(1164, 402, 19, 0),
(1165, 402, 11, 0),
(1166, 402, 17, 0),
(1167, 402, 16, 0),
(1168, 402, 9, 0),
(1169, 403, 19, 0),
(1170, 403, 18, 0),
(1171, 403, 17, 0),
(1172, 403, 16, 0),
(1173, 404, 19, 0),
(1174, 404, 18, 0),
(1175, 404, 17, 0),
(1176, 404, 16, 0),
(1177, 405, 19, 0),
(1178, 405, 18, 0),
(1179, 405, 17, 0),
(1180, 405, 16, 0),
(1181, 406, 20, 1),
(1182, 407, 12, 1),
(1183, 408, 11, 1),
(1184, 408, 20, 0),
(1185, 408, 9, 0),
(1186, 409, 17, 1),
(1187, 410, 16, 1),
(1188, 411, 18, 1),
(1189, 411, 17, 0),
(1190, 412, 16, 1),
(1191, 412, 19, 0),
(1192, 412, 18, 0),
(1193, 412, 17, 0),
(1194, 413, 21, 1),
(1195, 414, 11, 1),
(1196, 414, 20, 0),
(1197, 414, 9, 0),
(1198, 415, 16, 1),
(1199, 415, 18, 0),
(1200, 415, 17, 0),
(1201, 416, 11, 1),
(1202, 416, 20, 0),
(1203, 416, 9, 0),
(1204, 417, 13, 1),
(1205, 417, 12, 0),
(1206, 418, 11, 1),
(1207, 418, 20, 0),
(1208, 418, 9, 0),
(1209, 419, 12, 1),
(1210, 419, 8, 0),
(1211, 419, 13, 0),
(1212, 420, 20, 1),
(1213, 420, 9, 0),
(1214, 421, 15, 1),
(1215, 421, 10, 0),
(1216, 422, 17, 1),
(1217, 422, 19, 0),
(1218, 422, 16, 0),
(1219, 423, 17, 1),
(1220, 423, 19, 0),
(1221, 423, 18, 0),
(1222, 423, 16, 0),
(1223, 424, 16, 1),
(1224, 424, 19, 0),
(1225, 424, 18, 0),
(1226, 424, 17, 0),
(1227, 425, 20, 1),
(1228, 425, 21, 0),
(1229, 425, 11, 0),
(1230, 425, 18, 0),
(1231, 425, 17, 0),
(1232, 425, 14, 0),
(1233, 425, 13, 0),
(1234, 425, 16, 0),
(1235, 425, 15, 0),
(1236, 425, 9, 0),
(1237, 426, 12, 1),
(1238, 426, 8, 0),
(1239, 426, 10, 0),
(1240, 426, 13, 0),
(1241, 427, 16, 1),
(1242, 428, 14, 1),
(1243, 429, 21, 1),
(1244, 430, 11, 1),
(1245, 430, 20, 0),
(1246, 431, 9, 1),
(1247, 432, 20, 1),
(1248, 432, 8, 0),
(1249, 432, 13, 0),
(1250, 432, 15, 0),
(1251, 433, 17, 1),
(1252, 433, 19, 0),
(1253, 433, 18, 0),
(1254, 433, 16, 0),
(1255, 434, 16, 1),
(1256, 434, 19, 0),
(1257, 434, 18, 0),
(1258, 434, 17, 0),
(1259, 436, 8, 1),
(1260, 437, 13, 1),
(1261, 437, 8, 0),
(1262, 437, 12, 0),
(1263, 437, 15, 0),
(1264, 438, 9, 1),
(1265, 439, 9, 1),
(1266, 440, 8, 1),
(1267, 442, 9, 1),
(1268, 442, 11, 0),
(1269, 442, 20, 0),
(1270, 445, 18, 1),
(1271, 446, 17, 1),
(1272, 446, 19, 0),
(1273, 447, 8, 1),
(1274, 448, 17, 1),
(1275, 449, 16, 1),
(1276, 449, 19, 0),
(1277, 449, 18, 0),
(1278, 449, 17, 0),
(1279, 450, 20, 1),
(1280, 451, 16, 1),
(1281, 452, 20, 1),
(1282, 453, 8, 1),
(1283, 454, 13, 1),
(1284, 454, 8, 0),
(1285, 454, 12, 0),
(1286, 455, 9, 1),
(1287, 456, 11, 1),
(1288, 456, 20, 0),
(1289, 456, 9, 0),
(1290, 457, 8, 1),
(1291, 458, 8, 1),
(1292, 459, 20, 1),
(1293, 459, 9, 0),
(1294, 460, 9, 1),
(1295, 461, 11, 1),
(1296, 461, 20, 0),
(1297, 461, 9, 0),
(1298, 462, 21, 1),
(1299, 462, 20, 0),
(1300, 463, 20, 1),
(1301, 463, 21, 0),
(1302, 463, 17, 0),
(1303, 463, 16, 0),
(1304, 464, 13, 1),
(1305, 465, 13, 1),
(1306, 465, 21, 0),
(1307, 465, 12, 0),
(1308, 465, 14, 0),
(1309, 466, 13, 1),
(1310, 466, 8, 0),
(1311, 466, 12, 0),
(1312, 468, 16, 1),
(1313, 468, 11, 0),
(1314, 468, 17, 0),
(1315, 468, 20, 0),
(1316, 469, 17, 1),
(1317, 469, 19, 0),
(1318, 469, 16, 0),
(1319, 470, 17, 1),
(1320, 470, 18, 0),
(1321, 470, 14, 0),
(1322, 470, 16, 0),
(1323, 470, 20, 0),
(1324, 470, 9, 0),
(1325, 471, 12, 1),
(1326, 471, 21, 0),
(1327, 471, 8, 0),
(1328, 471, 10, 0),
(1329, 471, 13, 0),
(1330, 471, 20, 0),
(1331, 471, 15, 0),
(1332, 471, 9, 0),
(1333, 472, 16, 1),
(1334, 472, 19, 0),
(1335, 472, 18, 0),
(1336, 472, 17, 0),
(1337, 473, 16, 1),
(1338, 473, 19, 0),
(1339, 473, 18, 0),
(1340, 473, 17, 0),
(1341, 474, 16, 1),
(1342, 474, 19, 0),
(1343, 474, 18, 0),
(1344, 474, 17, 0),
(1345, 474, 14, 0),
(1346, 475, 17, 1),
(1347, 475, 19, 0),
(1348, 475, 18, 0),
(1349, 475, 14, 0),
(1350, 477, 11, 1),
(1351, 477, 20, 0),
(1352, 477, 9, 0),
(1353, 478, 21, 1),
(1354, 479, 21, 1),
(1355, 480, 16, 1),
(1356, 480, 19, 0),
(1357, 480, 18, 0),
(1358, 480, 17, 0),
(1359, 481, 16, 1),
(1360, 482, 13, 1),
(1361, 482, 8, 0),
(1362, 482, 12, 0),
(1363, 482, 20, 0),
(1364, 483, 11, 1),
(1365, 484, 21, 1),
(1366, 485, 20, 1),
(1367, 486, 17, 1),
(1368, 486, 18, 0),
(1369, 486, 14, 0),
(1370, 486, 20, 0),
(1371, 486, 15, 0),
(1372, 487, 20, 1),
(1373, 488, 11, 1),
(1374, 488, 9, 0),
(1375, 489, 20, 1),
(1376, 489, 19, 0),
(1377, 489, 16, 0),
(1378, 489, 9, 0),
(1379, 490, 20, 1),
(1380, 490, 9, 0),
(1381, 491, 20, 1),
(1382, 491, 9, 0),
(1383, 492, 20, 1),
(1384, 492, 19, 0),
(1385, 492, 16, 0),
(1386, 492, 9, 0),
(1387, 493, 13, 1),
(1388, 493, 8, 0),
(1389, 493, 12, 0),
(1390, 494, 20, 1),
(1391, 494, 19, 0),
(1392, 494, 18, 0),
(1393, 494, 17, 0),
(1394, 494, 14, 0),
(1395, 494, 15, 0),
(1396, 494, 9, 0),
(1397, 495, 20, 1),
(1398, 495, 18, 0),
(1399, 495, 17, 0),
(1400, 495, 16, 0),
(1401, 495, 9, 0),
(1402, 496, 20, 1),
(1403, 496, 17, 0),
(1404, 496, 16, 0),
(1405, 497, 17, 1),
(1406, 497, 19, 0),
(1407, 497, 18, 0),
(1408, 497, 14, 0),
(1409, 497, 20, 0),
(1410, 498, 13, 1),
(1411, 498, 8, 0),
(1412, 498, 12, 0),
(1413, 499, 21, 1),
(1414, 499, 12, 0),
(1415, 499, 20, 0),
(1416, 500, 17, 1),
(1417, 500, 10, 0),
(1418, 500, 18, 0),
(1419, 500, 14, 0),
(1420, 500, 16, 0),
(1421, 500, 20, 0),
(1422, 501, 16, 1),
(1423, 501, 19, 0),
(1424, 501, 18, 0),
(1425, 501, 17, 0),
(1426, 501, 20, 0),
(1427, 502, 16, 1),
(1428, 502, 21, 0),
(1429, 502, 19, 0),
(1430, 502, 18, 0),
(1431, 502, 17, 0),
(1432, 502, 14, 0),
(1433, 502, 15, 0),
(1434, 503, 20, 1),
(1435, 504, 18, 1),
(1436, 504, 17, 0),
(1437, 505, 12, 1),
(1438, 506, 13, 1),
(1439, 506, 8, 0),
(1440, 506, 10, 0),
(1441, 506, 12, 0),
(1442, 507, 11, 1),
(1443, 507, 20, 0),
(1444, 507, 9, 0),
(1445, 508, 8, 1),
(1446, 509, 9, 1),
(1447, 509, 11, 0),
(1448, 509, 20, 0),
(1449, 510, 12, 1),
(1450, 510, 8, 0),
(1451, 510, 13, 0),
(1452, 511, 9, 1),
(1453, 512, 9, 1),
(1454, 513, 16, 1),
(1455, 513, 21, 0),
(1456, 513, 8, 0),
(1457, 513, 11, 0),
(1458, 514, 12, 1),
(1459, 514, 8, 0),
(1460, 515, 18, 1),
(1461, 515, 17, 0),
(1462, 515, 14, 0),
(1463, 516, 16, 1),
(1464, 516, 19, 0),
(1465, 516, 18, 0),
(1466, 516, 17, 0),
(1467, 517, 16, 1),
(1468, 518, 17, 1),
(1469, 518, 18, 0),
(1470, 518, 14, 0),
(1471, 518, 16, 0),
(1472, 518, 20, 0),
(1473, 519, 21, 1),
(1474, 519, 11, 0),
(1475, 519, 20, 0),
(1476, 519, 9, 0),
(1477, 520, 8, 1),
(1478, 521, 12, 1),
(1479, 521, 9, 0),
(1480, 522, 12, 1),
(1481, 523, 16, 1),
(1482, 523, 21, 0),
(1483, 523, 19, 0),
(1484, 523, 18, 0),
(1485, 523, 17, 0),
(1486, 523, 14, 0),
(1487, 523, 20, 0),
(1488, 523, 9, 0),
(1489, 524, 21, 1),
(1490, 524, 11, 0),
(1491, 524, 10, 0),
(1492, 524, 12, 0),
(1493, 524, 9, 0),
(1494, 525, 9, 1),
(1495, 525, 12, 0),
(1496, 526, 21, 1),
(1497, 526, 11, 0),
(1498, 526, 20, 0),
(1499, 526, 9, 0),
(1500, 527, 21, 1),
(1501, 527, 11, 0),
(1502, 527, 20, 0),
(1503, 527, 9, 0),
(1504, 528, 10, 1),
(1505, 529, 10, 1),
(1506, 530, 10, 1),
(1507, 531, 10, 1),
(1508, 532, 9, 1),
(1509, 532, 11, 0),
(1510, 532, 20, 0),
(1511, 533, 14, 1),
(1512, 534, 19, 1),
(1513, 535, 19, 1),
(1514, 536, 18, 1),
(1515, 536, 17, 0),
(1516, 537, 9, 1),
(1517, 537, 11, 0),
(1518, 537, 10, 0),
(1519, 537, 12, 0),
(1520, 537, 13, 0),
(1521, 537, 20, 0),
(1522, 538, 18, 1),
(1523, 539, 21, 1),
(1524, 540, 10, 1),
(1525, 541, 21, 1),
(1526, 542, 17, 1),
(1527, 542, 18, 0),
(1528, 543, 16, 1),
(1529, 543, 21, 0),
(1530, 543, 19, 0),
(1531, 543, 18, 0),
(1532, 543, 17, 0),
(1533, 544, 11, 1),
(1534, 544, 20, 0),
(1535, 544, 9, 0),
(1536, 545, 11, 1),
(1537, 545, 20, 0),
(1538, 545, 9, 0),
(1539, 546, 19, 1),
(1540, 547, 17, 1),
(1541, 547, 19, 0),
(1542, 547, 10, 0),
(1543, 547, 18, 0),
(1544, 547, 14, 0),
(1545, 547, 13, 0),
(1546, 547, 16, 0),
(1547, 547, 20, 0),
(1548, 547, 15, 0),
(1549, 547, 9, 0),
(1550, 548, 17, 1),
(1551, 548, 16, 0),
(1552, 549, 16, 1),
(1553, 549, 21, 0),
(1554, 549, 19, 0),
(1555, 549, 18, 0),
(1556, 549, 17, 0),
(1557, 549, 20, 0),
(1558, 549, 9, 0),
(1559, 550, 20, 1),
(1560, 551, 17, 1),
(1561, 551, 19, 0),
(1562, 551, 18, 0),
(1563, 551, 14, 0),
(1564, 551, 16, 0),
(1565, 551, 20, 0),
(1566, 551, 15, 0),
(1567, 551, 9, 0),
(1568, 552, 16, 1),
(1569, 552, 19, 0),
(1570, 552, 10, 0),
(1571, 552, 18, 0),
(1572, 552, 17, 0),
(1573, 552, 14, 0),
(1574, 552, 20, 0),
(1575, 552, 15, 0),
(1576, 552, 9, 0),
(1577, 553, 17, 1),
(1578, 553, 19, 0),
(1579, 553, 18, 0),
(1580, 553, 14, 0),
(1581, 553, 16, 0),
(1582, 553, 20, 0),
(1583, 553, 15, 0),
(1584, 554, 8, 1),
(1585, 555, 8, 1),
(1586, 555, 10, 0),
(1587, 556, 21, 1),
(1588, 556, 11, 0),
(1589, 556, 20, 0),
(1590, 556, 9, 0),
(1591, 557, 17, 1),
(1592, 558, 17, 1),
(1593, 558, 19, 0),
(1594, 558, 11, 0),
(1595, 558, 18, 0),
(1596, 558, 16, 0),
(1597, 558, 20, 0),
(1598, 559, 12, 1),
(1599, 559, 8, 0),
(1600, 559, 13, 0),
(1601, 560, 18, 1),
(1602, 560, 17, 0),
(1603, 560, 14, 0),
(1604, 561, 9, 1),
(1605, 561, 11, 0),
(1606, 561, 20, 0),
(1607, 562, 11, 1),
(1608, 562, 20, 0),
(1609, 562, 9, 0),
(1610, 563, 11, 1),
(1611, 563, 20, 0),
(1612, 563, 9, 0),
(1613, 564, 11, 1),
(1614, 564, 21, 0),
(1615, 564, 20, 0),
(1616, 564, 9, 0),
(1617, 565, 11, 1),
(1618, 565, 20, 0),
(1619, 565, 9, 0),
(1620, 566, 11, 1),
(1621, 566, 20, 0),
(1622, 566, 9, 0),
(1623, 567, 20, 1),
(1624, 567, 16, 0),
(1625, 567, 9, 0),
(1626, 568, 20, 1),
(1627, 568, 19, 0),
(1628, 568, 16, 0),
(1629, 568, 9, 0),
(1630, 569, 11, 1),
(1631, 569, 21, 0),
(1632, 569, 20, 0),
(1633, 569, 9, 0),
(1634, 570, 14, 1),
(1635, 570, 20, 0),
(1636, 571, 16, 1),
(1637, 572, 16, 1),
(1638, 573, 16, 1),
(1639, 573, 19, 0),
(1640, 573, 17, 0),
(1641, 574, 20, 1),
(1642, 574, 10, 0),
(1643, 574, 15, 0),
(1644, 575, 14, 1),
(1645, 575, 10, 0),
(1646, 575, 18, 0),
(1647, 575, 17, 0),
(1648, 575, 15, 0),
(1649, 576, 14, 1),
(1650, 576, 10, 0),
(1651, 576, 18, 0),
(1652, 576, 17, 0),
(1653, 576, 16, 0),
(1654, 576, 15, 0),
(1655, 577, 16, 1),
(1656, 578, 16, 1),
(1657, 578, 19, 0),
(1658, 578, 18, 0),
(1659, 578, 17, 0),
(1660, 579, 20, 1),
(1661, 579, 11, 0),
(1662, 579, 9, 0),
(1663, 580, 9, 1),
(1664, 580, 11, 0),
(1665, 580, 10, 0),
(1666, 580, 12, 0),
(1667, 580, 13, 0),
(1668, 580, 20, 0),
(1669, 581, 16, 1),
(1670, 581, 19, 0),
(1671, 581, 10, 0),
(1672, 581, 18, 0),
(1673, 581, 17, 0),
(1674, 581, 14, 0),
(1675, 582, 14, 1),
(1676, 582, 19, 0),
(1677, 582, 18, 0),
(1678, 582, 17, 0),
(1679, 582, 16, 0),
(1680, 583, 16, 1),
(1681, 583, 19, 0),
(1682, 583, 18, 0),
(1683, 583, 17, 0),
(1684, 583, 14, 0),
(1685, 584, 17, 1),
(1686, 584, 19, 0),
(1687, 584, 10, 0),
(1688, 584, 18, 0),
(1689, 584, 14, 0),
(1690, 584, 16, 0),
(1691, 584, 15, 0),
(1692, 585, 8, 1),
(1693, 585, 10, 0),
(1694, 586, 8, 1),
(1695, 586, 10, 0),
(1696, 587, 8, 1),
(1697, 587, 10, 0),
(1698, 588, 21, 1),
(1699, 589, 20, 1),
(1700, 590, 20, 1),
(1701, 591, 13, 1),
(1702, 591, 8, 0),
(1703, 591, 12, 0),
(1704, 591, 20, 0),
(1705, 592, 9, 1),
(1706, 593, 17, 1),
(1707, 593, 19, 0),
(1708, 593, 18, 0),
(1709, 594, 20, 1),
(1710, 595, 8, 1),
(1711, 595, 10, 0),
(1712, 596, 9, 1),
(1713, 596, 11, 0),
(1714, 596, 20, 0),
(1715, 597, 13, 1),
(1716, 597, 15, 0),
(1717, 598, 10, 1),
(1718, 598, 21, 0),
(1719, 598, 19, 0),
(1720, 598, 18, 0),
(1721, 598, 17, 0),
(1722, 598, 14, 0),
(1723, 598, 16, 0),
(1724, 598, 15, 0),
(1725, 599, 16, 1),
(1726, 599, 10, 0),
(1727, 599, 18, 0),
(1728, 599, 17, 0),
(1729, 599, 14, 0),
(1730, 599, 15, 0),
(1731, 600, 9, 1),
(1732, 600, 11, 0),
(1733, 600, 20, 0),
(1734, 601, 16, 1),
(1735, 601, 19, 0),
(1736, 601, 17, 0),
(1737, 602, 19, 1),
(1738, 603, 12, 1),
(1739, 603, 8, 0),
(1740, 603, 13, 0),
(1741, 603, 20, 0),
(1742, 604, 17, 1),
(1743, 604, 19, 0),
(1744, 604, 18, 0),
(1745, 604, 14, 0),
(1746, 605, 17, 1),
(1747, 605, 10, 0),
(1748, 605, 18, 0),
(1749, 605, 14, 0),
(1750, 605, 15, 0),
(1751, 606, 12, 1),
(1752, 606, 8, 0),
(1753, 606, 10, 0),
(1754, 606, 13, 0),
(1755, 606, 20, 0),
(1756, 607, 21, 1),
(1757, 608, 16, 1),
(1758, 608, 19, 0),
(1759, 608, 17, 0),
(1760, 609, 12, 1),
(1761, 610, 20, 1),
(1762, 610, 8, 0),
(1763, 610, 11, 0),
(1764, 611, 16, 1),
(1765, 611, 8, 0),
(1766, 611, 19, 0),
(1767, 611, 18, 0),
(1768, 611, 17, 0),
(1769, 611, 14, 0),
(1770, 611, 13, 0),
(1771, 612, 17, 1),
(1772, 612, 19, 0),
(1773, 613, 16, 1),
(1774, 613, 19, 0),
(1775, 613, 18, 0),
(1776, 613, 17, 0),
(1777, 614, 21, 1),
(1778, 614, 14, 0),
(1779, 615, 16, 1),
(1780, 615, 21, 0),
(1781, 615, 8, 0),
(1782, 615, 19, 0),
(1783, 615, 10, 0),
(1784, 615, 18, 0),
(1785, 615, 17, 0),
(1786, 615, 14, 0),
(1787, 615, 13, 0),
(1788, 615, 20, 0),
(1789, 615, 15, 0),
(1790, 616, 15, 1),
(1791, 616, 12, 0),
(1792, 616, 13, 0),
(1793, 617, 16, 1),
(1794, 617, 18, 0),
(1795, 617, 17, 0),
(1796, 618, 21, 1),
(1797, 619, 17, 1),
(1798, 620, 20, 1),
(1799, 620, 9, 0),
(1800, 621, 21, 1),
(1801, 622, 9, 1),
(1802, 623, 20, 1),
(1803, 624, 9, 1),
(1804, 625, 8, 1),
(1805, 625, 11, 0),
(1806, 625, 20, 0),
(1807, 626, 13, 1),
(1808, 626, 8, 0),
(1809, 626, 12, 0),
(1810, 626, 20, 0),
(1811, 627, 20, 1),
(1812, 627, 9, 0),
(1813, 628, 19, 1),
(1814, 629, 19, 1),
(1815, 629, 17, 0),
(1816, 629, 14, 0),
(1817, 630, 8, 1),
(1818, 631, 8, 1),
(1819, 632, 8, 1),
(1820, 633, 10, 1),
(1821, 634, 10, 1),
(1822, 635, 20, 1),
(1823, 635, 9, 0),
(1824, 636, 21, 1),
(1825, 637, 17, 1),
(1826, 637, 19, 0),
(1827, 638, 20, 1),
(1828, 638, 11, 0),
(1829, 639, 18, 1),
(1830, 640, 14, 1),
(1831, 640, 18, 0),
(1832, 641, 17, 1),
(1833, 641, 19, 0),
(1834, 642, 17, 1),
(1835, 642, 19, 0),
(1836, 644, 17, 1),
(1837, 645, 21, 1),
(1838, 646, 13, 1),
(1839, 646, 8, 0),
(1840, 646, 12, 0),
(1841, 646, 15, 0),
(1842, 647, 10, 1),
(1843, 648, 10, 1),
(1844, 649, 21, 1),
(1845, 650, 10, 1),
(1846, 651, 10, 1),
(1847, 652, 20, 1),
(1848, 653, 9, 1),
(1849, 654, 10, 1),
(1850, 655, 20, 1),
(1851, 655, 21, 0),
(1852, 655, 9, 0),
(1853, 656, 12, 1),
(1854, 656, 8, 0),
(1855, 656, 13, 0),
(1856, 657, 20, 1),
(1857, 657, 15, 0),
(1858, 658, 20, 1),
(1859, 658, 9, 0),
(1860, 659, 20, 1),
(1861, 659, 12, 0),
(1862, 660, 20, 1),
(1863, 661, 12, 1),
(1864, 662, 21, 1),
(1865, 662, 20, 0),
(1866, 663, 16, 1),
(1867, 663, 19, 0),
(1868, 663, 17, 0),
(1869, 664, 21, 1),
(1870, 665, 20, 1),
(1871, 665, 15, 0),
(1872, 666, 20, 1),
(1873, 668, 17, 0),
(1874, 670, 16, 1),
(1875, 670, 19, 0),
(1876, 670, 18, 0),
(1877, 670, 17, 0),
(1878, 671, 16, 1),
(1879, 671, 19, 0),
(1880, 671, 17, 0),
(1881, 672, 12, 1),
(1882, 672, 8, 0),
(1883, 672, 10, 0),
(1884, 672, 13, 0),
(1885, 672, 20, 0),
(1886, 673, 20, 1),
(1887, 673, 10, 0),
(1888, 673, 12, 0),
(1889, 674, 11, 1),
(1890, 675, 20, 1),
(1891, 675, 11, 0),
(1892, 675, 9, 0),
(1893, 676, 11, 1),
(1894, 676, 20, 0),
(1895, 676, 9, 0),
(1896, 677, 16, 1),
(1897, 677, 19, 0),
(1898, 677, 18, 0),
(1899, 677, 17, 0),
(1900, 678, 16, 1),
(1901, 678, 18, 0),
(1902, 678, 17, 0),
(1903, 679, 16, 1),
(1904, 679, 19, 0),
(1905, 679, 17, 0),
(1906, 680, 16, 1),
(1907, 680, 19, 0),
(1908, 680, 17, 0),
(1909, 681, 16, 1),
(1910, 682, 16, 1),
(1911, 682, 19, 0),
(1912, 682, 17, 0),
(1913, 683, 20, 1),
(1914, 683, 10, 0),
(1915, 683, 15, 0),
(1916, 684, 16, 1),
(1917, 684, 19, 0),
(1918, 684, 17, 0),
(1919, 685, 18, 1),
(1920, 685, 17, 0),
(1921, 686, 16, 1),
(1922, 686, 19, 0),
(1923, 686, 17, 0),
(1924, 687, 21, 1),
(1925, 688, 16, 1),
(1926, 688, 18, 0),
(1927, 688, 17, 0),
(1928, 689, 16, 1),
(1929, 689, 19, 0),
(1930, 689, 18, 0),
(1931, 689, 17, 0),
(1932, 690, 21, 1),
(1933, 690, 19, 0),
(1934, 690, 10, 0),
(1935, 690, 12, 0),
(1936, 690, 13, 0),
(1937, 690, 20, 0),
(1938, 691, 16, 1),
(1939, 691, 19, 0),
(1940, 691, 18, 0),
(1941, 691, 17, 0),
(1942, 692, 20, 1),
(1943, 692, 19, 0),
(1944, 692, 13, 0),
(1945, 692, 16, 0),
(1946, 693, 9, 1),
(1947, 694, 16, 1),
(1948, 694, 19, 0),
(1949, 694, 11, 0),
(1950, 694, 18, 0),
(1951, 694, 17, 0),
(1952, 694, 9, 0),
(1953, 695, 20, 1),
(1954, 696, 13, 1),
(1955, 696, 8, 0),
(1956, 696, 12, 0),
(1957, 697, 20, 1),
(1958, 697, 11, 0),
(1959, 698, 15, 1),
(1960, 698, 20, 0),
(1961, 699, 11, 1),
(1962, 699, 20, 0),
(1963, 699, 9, 0),
(1964, 700, 13, 1),
(1965, 700, 8, 0),
(1966, 700, 12, 0),
(1967, 700, 20, 0),
(1968, 701, 19, 1),
(1969, 702, 9, 1),
(1970, 702, 11, 0),
(1971, 702, 20, 0),
(1972, 703, 11, 1),
(1973, 703, 20, 0),
(1974, 703, 9, 0),
(1975, 704, 17, 1),
(1976, 704, 18, 0),
(1977, 704, 14, 0),
(1978, 704, 16, 0),
(1979, 704, 20, 0),
(1980, 704, 15, 0),
(1981, 705, 21, 1),
(1982, 706, 11, 1),
(1983, 706, 20, 0),
(1984, 706, 9, 0),
(1985, 707, 16, 1),
(1986, 707, 19, 0),
(1987, 707, 18, 0),
(1988, 707, 17, 0),
(1989, 708, 20, 1),
(1990, 708, 8, 0),
(1991, 708, 15, 0),
(1992, 709, 20, 1),
(1993, 709, 9, 0),
(1994, 710, 16, 1),
(1995, 710, 19, 0),
(1996, 710, 18, 0),
(1997, 710, 17, 0),
(1998, 711, 19, 1),
(1999, 712, 16, 1),
(2000, 712, 19, 0),
(2001, 712, 18, 0),
(2002, 712, 17, 0),
(2003, 712, 14, 0),
(2004, 713, 17, 1),
(2005, 713, 18, 0),
(2006, 713, 14, 0),
(2007, 714, 15, 1),
(2008, 714, 8, 0),
(2009, 714, 13, 0),
(2010, 714, 20, 0),
(2011, 715, 16, 1),
(2012, 715, 19, 0),
(2013, 715, 18, 0),
(2014, 715, 17, 0),
(2015, 716, 16, 1),
(2016, 716, 8, 0),
(2017, 716, 18, 0),
(2018, 716, 17, 0),
(2019, 716, 14, 0),
(2020, 716, 20, 0),
(2021, 716, 15, 0),
(2022, 716, 9, 0),
(2023, 717, 16, 1),
(2024, 717, 19, 0),
(2025, 717, 18, 0),
(2026, 717, 17, 0),
(2027, 717, 20, 0),
(2028, 717, 9, 0),
(2029, 718, 17, 1),
(2030, 718, 10, 0),
(2031, 718, 18, 0),
(2032, 718, 17, 0),
(2033, 718, 14, 0),
(2034, 718, 16, 0),
(2035, 718, 15, 0),
(2036, 719, 16, 1),
(2037, 719, 19, 0),
(2038, 719, 10, 0),
(2039, 719, 18, 0),
(2040, 719, 17, 0),
(2041, 719, 14, 0),
(2042, 719, 20, 0),
(2043, 719, 15, 0),
(2044, 719, 9, 0),
(2045, 720, 17, 1),
(2046, 720, 19, 0),
(2047, 720, 18, 0),
(2048, 720, 14, 0),
(2049, 720, 16, 0),
(2050, 720, 15, 0),
(2051, 721, 15, 1),
(2052, 721, 10, 0),
(2053, 721, 20, 0),
(2054, 722, 9, 1),
(2055, 723, 16, 1),
(2056, 723, 19, 0),
(2057, 723, 18, 0),
(2058, 723, 17, 0),
(2059, 724, 16, 1),
(2060, 724, 19, 0),
(2061, 724, 18, 0),
(2062, 724, 17, 0),
(2063, 724, 14, 0),
(2064, 725, 21, 1),
(2065, 725, 18, 0),
(2066, 725, 20, 0),
(2067, 726, 21, 1),
(2068, 726, 11, 0),
(2069, 726, 20, 0),
(2070, 726, 9, 0),
(2071, 727, 8, 1),
(2072, 728, 13, 1),
(2073, 728, 12, 0),
(2074, 728, 14, 0),
(2075, 728, 15, 0),
(2076, 729, 16, 1),
(2077, 729, 19, 0),
(2078, 729, 10, 0),
(2079, 729, 18, 0),
(2080, 729, 17, 0),
(2081, 729, 14, 0),
(2082, 729, 20, 0),
(2083, 729, 15, 0),
(2084, 730, 16, 1),
(2085, 730, 18, 0),
(2086, 730, 17, 0),
(2087, 730, 20, 0),
(2088, 730, 9, 0),
(2089, 731, 16, 1),
(2090, 731, 19, 0),
(2091, 731, 18, 0),
(2092, 731, 17, 0),
(2093, 732, 17, 1),
(2094, 732, 19, 0),
(2095, 732, 10, 0),
(2096, 732, 18, 0),
(2097, 732, 17, 0),
(2098, 732, 14, 0),
(2099, 732, 16, 0),
(2100, 732, 20, 0),
(2101, 732, 15, 0),
(2102, 732, 9, 0),
(2103, 733, 17, 1),
(2104, 733, 19, 0),
(2105, 733, 18, 0),
(2106, 733, 16, 0),
(2107, 734, 16, 1),
(2108, 734, 18, 0),
(2109, 734, 17, 0),
(2110, 735, 16, 1),
(2111, 735, 19, 0),
(2112, 735, 18, 0),
(2113, 735, 17, 0),
(2114, 735, 14, 0),
(2115, 736, 16, 1),
(2116, 736, 19, 0),
(2117, 736, 18, 0),
(2118, 736, 17, 0),
(2119, 736, 20, 0),
(2120, 736, 9, 0),
(2121, 737, 16, 1),
(2122, 737, 19, 0),
(2123, 737, 18, 0),
(2124, 737, 17, 0),
(2125, 737, 14, 0),
(2126, 738, 16, 1),
(2127, 738, 19, 0),
(2128, 738, 18, 0),
(2129, 738, 17, 0),
(2130, 738, 14, 0),
(2131, 739, 16, 1),
(2132, 739, 19, 0),
(2133, 739, 18, 0),
(2134, 739, 17, 0),
(2135, 740, 16, 1),
(2136, 740, 19, 0),
(2137, 740, 18, 0),
(2138, 740, 17, 0),
(2139, 741, 20, 1),
(2140, 741, 9, 0),
(2141, 742, 19, 1),
(2142, 743, 20, 1),
(2143, 743, 9, 0),
(2144, 744, 9, 1),
(2145, 744, 20, 0),
(2146, 745, 9, 1),
(2147, 746, 8, 1),
(2148, 747, 8, 1),
(2149, 747, 11, 0),
(2150, 747, 20, 0),
(2151, 748, 20, 1),
(2152, 748, 9, 0),
(2153, 749, 11, 1),
(2154, 749, 20, 0),
(2155, 749, 9, 0),
(2156, 750, 21, 1),
(2157, 750, 20, 0),
(2158, 751, 21, 1),
(2159, 751, 20, 0),
(2160, 752, 19, 1),
(2161, 753, 8, 1),
(2162, 753, 10, 0),
(2163, 754, 19, 1),
(2164, 755, 20, 1),
(2165, 755, 9, 0),
(2166, 756, 8, 1),
(2167, 756, 10, 0),
(2168, 757, 20, 1),
(2169, 758, 9, 1),
(2170, 759, 15, 1),
(2171, 759, 8, 0),
(2172, 759, 20, 0),
(2173, 760, 16, 1),
(2174, 761, 20, 1),
(2175, 762, 19, 1),
(2176, 762, 17, 0),
(2177, 763, 17, 1),
(2178, 765, 16, 1),
(2179, 766, 8, 1),
(2180, 767, 21, 1),
(2181, 768, 17, 1),
(2182, 769, 16, 1),
(2183, 769, 19, 0),
(2184, 769, 18, 0),
(2185, 769, 17, 0),
(2186, 770, 20, 1),
(2187, 770, 10, 0),
(2188, 771, 9, 1),
(2189, 771, 11, 0),
(2190, 771, 20, 0),
(2191, 772, 20, 1),
(2192, 772, 9, 0),
(2193, 773, 10, 1),
(2194, 773, 8, 0),
(2195, 774, 8, 1),
(2196, 775, 8, 1),
(2197, 776, 9, 1),
(2198, 776, 11, 0),
(2199, 776, 20, 0),
(2200, 777, 9, 1),
(2201, 777, 20, 0),
(2202, 778, 20, 1),
(2203, 778, 9, 0),
(2204, 779, 20, 1),
(2205, 779, 9, 0),
(2206, 780, 10, 1),
(2207, 781, 14, 1),
(2208, 781, 18, 0),
(2209, 782, 21, 1),
(2210, 783, 19, 1),
(2211, 784, 17, 1),
(2212, 784, 19, 0),
(2213, 785, 9, 1),
(2214, 786, 20, 1),
(2215, 786, 11, 0),
(2216, 786, 12, 0),
(2217, 787, 16, 1),
(2218, 787, 19, 0),
(2219, 787, 18, 0),
(2220, 787, 17, 0),
(2221, 787, 20, 0),
(2222, 788, 18, 1),
(2223, 788, 17, 0),
(2224, 788, 16, 0),
(2225, 789, 16, 1),
(2226, 789, 19, 0),
(2227, 789, 18, 0),
(2228, 789, 17, 0),
(2229, 790, 17, 1),
(2230, 790, 18, 0),
(2231, 790, 14, 0),
(2232, 791, 17, 1),
(2233, 791, 18, 0),
(2234, 791, 14, 0),
(2235, 792, 14, 1),
(2236, 792, 18, 0),
(2237, 792, 17, 0),
(2238, 793, 21, 1),
(2239, 794, 11, 1),
(2240, 794, 12, 0),
(2241, 794, 20, 0),
(2242, 794, 9, 0),
(2243, 795, 12, 1),
(2244, 796, 13, 1),
(2245, 796, 8, 0),
(2246, 796, 12, 0),
(2247, 797, 20, 1),
(2248, 797, 15, 0),
(2249, 798, 16, 1),
(2250, 798, 19, 0),
(2251, 798, 17, 0),
(2252, 799, 17, 1),
(2253, 799, 10, 0),
(2254, 799, 18, 0),
(2255, 799, 14, 0),
(2256, 799, 13, 0),
(2257, 799, 16, 0),
(2258, 799, 15, 0),
(2259, 800, 17, 1),
(2260, 800, 10, 0),
(2261, 800, 18, 0),
(2262, 800, 14, 0),
(2263, 800, 13, 0),
(2264, 800, 16, 0),
(2265, 800, 15, 0),
(2266, 801, 17, 1),
(2267, 801, 10, 0),
(2268, 801, 18, 0),
(2269, 801, 14, 0),
(2270, 801, 13, 0),
(2271, 801, 16, 0),
(2272, 801, 15, 0),
(2273, 802, 14, 1),
(2274, 802, 18, 0),
(2275, 802, 17, 0),
(2276, 803, 9, 1),
(2277, 803, 11, 0),
(2278, 803, 20, 0),
(2279, 804, 21, 1),
(2280, 804, 11, 0),
(2281, 804, 12, 0),
(2282, 804, 20, 0),
(2283, 805, 21, 1),
(2284, 805, 11, 0),
(2285, 805, 12, 0),
(2286, 805, 20, 0),
(2287, 806, 21, 1),
(2288, 806, 11, 0),
(2289, 806, 14, 0),
(2290, 806, 20, 0),
(2291, 807, 11, 1),
(2292, 807, 20, 0),
(2293, 807, 9, 0),
(2294, 808, 21, 1),
(2295, 809, 13, 1),
(2296, 809, 8, 0),
(2297, 809, 12, 0),
(2298, 810, 16, 1),
(2299, 810, 19, 0),
(2300, 810, 18, 0),
(2301, 810, 17, 0),
(2302, 811, 11, 1),
(2303, 811, 10, 0),
(2304, 811, 20, 0),
(2305, 811, 9, 0),
(2306, 812, 13, 1),
(2307, 812, 8, 0),
(2308, 812, 12, 0),
(2309, 813, 9, 1),
(2310, 813, 11, 0),
(2311, 813, 20, 0),
(2312, 814, 17, 1),
(2313, 814, 19, 0),
(2314, 815, 18, 0),
(2315, 816, 18, 0),
(2316, 816, 17, 0),
(2317, 817, 16, 1),
(2318, 817, 19, 0),
(2319, 817, 11, 0),
(2320, 817, 10, 0),
(2321, 817, 18, 0),
(2322, 817, 17, 0),
(2323, 817, 14, 0),
(2324, 817, 20, 0),
(2325, 817, 15, 0),
(2326, 817, 9, 0),
(2327, 818, 21, 1),
(2328, 819, 21, 1),
(2329, 820, 16, 1),
(2330, 820, 19, 0),
(2331, 820, 18, 0),
(2332, 820, 17, 0),
(2333, 821, 16, 1),
(2334, 821, 18, 0),
(2335, 821, 17, 0),
(2336, 822, 9, 1),
(2337, 823, 9, 1),
(2338, 824, 9, 1),
(2339, 825, 9, 1),
(2340, 826, 9, 1),
(2341, 826, 12, 0),
(2342, 827, 9, 1),
(2343, 828, 9, 1),
(2344, 828, 20, 0),
(2345, 829, 21, 1),
(2346, 830, 8, 1),
(2347, 831, 20, 1),
(2348, 831, 19, 0),
(2349, 831, 18, 0),
(2350, 831, 17, 0),
(2351, 831, 14, 0),
(2352, 831, 15, 0),
(2353, 832, 20, 1),
(2354, 832, 19, 0),
(2355, 832, 16, 0),
(2356, 832, 9, 0),
(2357, 833, 20, 1),
(2358, 833, 9, 0),
(2359, 834, 13, 1),
(2360, 834, 8, 0),
(2361, 834, 12, 0),
(2362, 835, 12, 1),
(2363, 835, 8, 0),
(2364, 835, 13, 0),
(2365, 835, 20, 0),
(2366, 836, 17, 1),
(2367, 836, 14, 0),
(2368, 836, 13, 0),
(2369, 837, 13, 1),
(2370, 837, 13, 0),
(2371, 838, 20, 1),
(2372, 838, 15, 0),
(2373, 839, 15, 1),
(2374, 839, 20, 0),
(2375, 840, 15, 1),
(2376, 840, 20, 0),
(2377, 841, 20, 1),
(2378, 841, 11, 0),
(2379, 841, 12, 0),
(2380, 842, 12, 1),
(2381, 842, 8, 0),
(2382, 842, 13, 0),
(2383, 842, 20, 0),
(2384, 843, 12, 1),
(2385, 843, 8, 0),
(2386, 843, 13, 0),
(2387, 843, 20, 0),
(2388, 844, 17, 1),
(2389, 844, 18, 0),
(2390, 844, 16, 0),
(2391, 844, 20, 0),
(2392, 845, 16, 1),
(2393, 845, 19, 0),
(2394, 845, 18, 0),
(2395, 845, 17, 0),
(2396, 846, 14, 1),
(2397, 846, 18, 0),
(2398, 846, 17, 0),
(2399, 846, 13, 0),
(2400, 847, 21, 1),
(2401, 848, 9, 1),
(2402, 848, 11, 0),
(2403, 848, 20, 0),
(2404, 849, 21, 1),
(2405, 850, 16, 1),
(2406, 850, 19, 0),
(2407, 850, 18, 0),
(2408, 850, 17, 0),
(2409, 850, 14, 0),
(2410, 851, 12, 1),
(2411, 851, 8, 0),
(2412, 851, 13, 0),
(2413, 852, 16, 1),
(2414, 852, 19, 0),
(2415, 852, 18, 0),
(2416, 852, 17, 0),
(2417, 853, 21, 1),
(2418, 854, 16, 1),
(2419, 854, 19, 0),
(2420, 854, 18, 0),
(2421, 854, 17, 0),
(2422, 855, 11, 1),
(2423, 855, 20, 0),
(2424, 855, 9, 0),
(2425, 856, 11, 1),
(2426, 856, 20, 0),
(2427, 856, 9, 0),
(2428, 857, 11, 1),
(2429, 857, 20, 0),
(2430, 857, 9, 0),
(2431, 858, 12, 1),
(2432, 858, 8, 0),
(2433, 858, 13, 0),
(2434, 858, 20, 0),
(2435, 859, 12, 1),
(2436, 859, 8, 0),
(2437, 859, 13, 0),
(2438, 859, 20, 0),
(2439, 860, 12, 1),
(2440, 860, 8, 0),
(2441, 860, 13, 0),
(2442, 860, 20, 0),
(2443, 861, 8, 1),
(2444, 862, 16, 1),
(2445, 862, 19, 0),
(2446, 862, 18, 0),
(2447, 862, 17, 0),
(2448, 862, 14, 0),
(2449, 863, 17, 1),
(2450, 863, 18, 0),
(2451, 863, 14, 0),
(2452, 864, 18, 0),
(2453, 864, 17, 0),
(2454, 864, 14, 0),
(2455, 865, 21, 1),
(2456, 866, 17, 1),
(2457, 866, 19, 0),
(2458, 866, 18, 0),
(2459, 866, 16, 0),
(2460, 867, 10, 1),
(2461, 868, 10, 1),
(2462, 868, 20, 0),
(2463, 869, 10, 1),
(2464, 870, 16, 1),
(2465, 870, 21, 0),
(2466, 870, 19, 0),
(2467, 870, 18, 0),
(2468, 870, 17, 0),
(2469, 870, 14, 0),
(2470, 871, 16, 1),
(2471, 871, 19, 0),
(2472, 871, 18, 0),
(2473, 871, 17, 0),
(2474, 872, 8, 1),
(2475, 872, 10, 0),
(2476, 873, 8, 1),
(2477, 873, 10, 0),
(2478, 88, 23, 1),
(2479, 89, 23, 1),
(2480, 258, 23, 1),
(2481, 370, 23, 1),
(2482, 558, 23, 1),
(2483, 578, 23, 1),
(2484, 608, 23, 1),
(2485, 611, 23, 1),
(2486, 613, 23, 1),
(2487, 689, 23, 1),
(2488, 740, 23, 1),
(2489, 789, 23, 1),
(2490, 820, 23, 1),
(2491, 845, 23, 1);

-- --------------------------------------------------------

--
-- 表的结构 `exercise_sets`
--

DROP TABLE IF EXISTS `exercise_sets`;
CREATE TABLE IF NOT EXISTS `exercise_sets` (
  `set_id` int NOT NULL AUTO_INCREMENT,
  `session_exercise_id` int NOT NULL,
  `set_number` int NOT NULL,
  `weight_kg` decimal(5,2) DEFAULT NULL,
  `reps` int DEFAULT NULL,
  `distance_km` decimal(5,2) DEFAULT NULL,
  `duration_seconds` int DEFAULT NULL,
  `speed_kph` decimal(4,1) DEFAULT NULL,
  `incline` decimal(4,1) DEFAULT NULL,
  `resistance_level` int DEFAULT NULL,
  `rest_time_seconds` int DEFAULT NULL,
  `rpe` int DEFAULT NULL,
  `is_completed` tinyint(1) DEFAULT '0',
  PRIMARY KEY (`set_id`),
  KEY `session_exercise_id` (`session_exercise_id`)
) ENGINE=MyISAM AUTO_INCREMENT=399 DEFAULT CHARSET=utf8mb4 COLLATE=utf8mb4_0900_ai_ci;

--
-- 转存表中的数据 `exercise_sets`
--

INSERT INTO `exercise_sets` (`set_id`, `session_exercise_id`, `set_number`, `weight_kg`, `reps`, `distance_km`, `duration_seconds`, `speed_kph`, `incline`, `resistance_level`, `rest_time_seconds`, `rpe`, `is_completed`) VALUES
(1, 1, 1, 100.00, 10, NULL, NULL, NULL, NULL, NULL, NULL, 6, 1),
(2, 1, 2, 100.00, 10, NULL, NULL, NULL, NULL, NULL, NULL, 7, 1),
(3, 1, 3, 100.00, 10, NULL, NULL, NULL, NULL, NULL, NULL, 8, 1),
(4, 1, 4, 100.00, 10, NULL, NULL, NULL, NULL, NULL, NULL, 9, 1),
(5, 2, 1, 30.00, 12, NULL, NULL, NULL, NULL, NULL, NULL, 6, 1),
(6, 2, 2, 40.00, 10, NULL, NULL, NULL, NULL, NULL, NULL, 7, 1),
(7, 2, 3, 45.00, 8, NULL, NULL, NULL, NULL, NULL, NULL, 8, 1),
(8, 3, 1, 10.00, 12, NULL, NULL, NULL, NULL, NULL, NULL, 7, 1),
(9, 3, 2, 10.00, 12, NULL, NULL, NULL, NULL, NULL, NULL, 8, 1),
(10, 1, 5, 100.00, 10, NULL, NULL, NULL, NULL, NULL, NULL, 8, 1),
(11, 1, 6, 100.00, 10, NULL, NULL, NULL, NULL, NULL, NULL, 8, 1),
(12, 1, 7, 100.00, 10, NULL, NULL, NULL, NULL, NULL, NULL, 8, 1),
(13, 1, 8, 100.00, 10, NULL, NULL, NULL, NULL, NULL, NULL, 8, 1),
(14, 1, 9, 100.00, 10, NULL, NULL, NULL, NULL, NULL, NULL, 8, 1),
(15, 1, 10, 100.00, 10, NULL, NULL, NULL, NULL, NULL, NULL, 9, 1),
(16, 1, 11, 100.00, 10, NULL, NULL, NULL, NULL, NULL, NULL, 9, 1),
(17, 1, 12, 100.00, 10, NULL, NULL, NULL, NULL, NULL, NULL, 9, 1),
(18, 1, 13, 100.00, 10, NULL, NULL, NULL, NULL, NULL, NULL, 9, 1),
(19, 1, 14, 100.00, 10, NULL, NULL, NULL, NULL, NULL, NULL, 10, 1),
(20, 4, 1, 0.00, 10, NULL, NULL, NULL, NULL, NULL, NULL, NULL, 1),
(21, 5, 1, 60.50, 10, NULL, NULL, NULL, NULL, NULL, NULL, NULL, 1),
(22, 4, 1, 100.00, 10, NULL, NULL, NULL, NULL, NULL, NULL, NULL, 1),
(23, 6, 1, 120.00, 8, NULL, NULL, NULL, NULL, NULL, NULL, NULL, 1),
(24, 6, 1, 120.00, 8, NULL, NULL, NULL, NULL, NULL, NULL, NULL, 1),
(25, 7, 1, 15.00, 12, NULL, NULL, NULL, NULL, NULL, NULL, NULL, 1),
(26, 8, 1, 60.00, 2, NULL, NULL, NULL, NULL, NULL, NULL, NULL, 1),
(27, 9, 1, 90.00, 2, NULL, NULL, NULL, NULL, NULL, NULL, NULL, 1),
(28, 10, 1, 120.00, 2, NULL, NULL, NULL, NULL, NULL, NULL, NULL, 1),
(29, 10, 1, 100.00, 3, NULL, NULL, NULL, NULL, NULL, NULL, NULL, 1),
(30, 11, 1, 1.50, 2, NULL, NULL, NULL, NULL, NULL, NULL, NULL, 1),
(31, 12, 1, 200.00, 60, NULL, NULL, NULL, NULL, NULL, NULL, NULL, 1),
(32, 13, 1, 999.99, 555, NULL, NULL, NULL, NULL, NULL, NULL, NULL, 1),
(33, 13, 1, 55.00, 55, NULL, NULL, NULL, NULL, NULL, NULL, NULL, 1),
(34, 13, 1, 55.00, 55, NULL, NULL, NULL, NULL, NULL, NULL, NULL, 1),
(35, 14, 1, 999.99, 433, NULL, NULL, NULL, NULL, NULL, NULL, NULL, 1),
(36, 15, 1, 999.99, 453453, NULL, NULL, NULL, NULL, NULL, NULL, NULL, 1),
(37, 16, 1, 999.99, 333333, NULL, NULL, NULL, NULL, NULL, NULL, NULL, 1),
(38, 17, 1, 999.99, 5555, NULL, NULL, NULL, NULL, NULL, NULL, NULL, 1),
(39, 18, 1, 444.00, 2147483647, NULL, NULL, NULL, NULL, NULL, NULL, NULL, 1),
(40, 19, 1, 999.99, 2147483647, NULL, NULL, NULL, NULL, NULL, NULL, NULL, 1),
(41, 20, 1, 999.99, 222, NULL, NULL, NULL, NULL, NULL, NULL, NULL, 1),
(42, 21, 1, 40.00, 3, NULL, NULL, NULL, NULL, NULL, NULL, NULL, 1),
(43, 22, 1, 999.99, 234234, NULL, NULL, NULL, NULL, NULL, NULL, NULL, 1),
(44, 23, 1, 999.99, 42432423, NULL, NULL, NULL, NULL, NULL, NULL, NULL, 1),
(45, 24, 1, 12.00, 1212, NULL, NULL, NULL, NULL, NULL, NULL, NULL, 1),
(46, 25, 1, 12.00, 12, NULL, NULL, NULL, NULL, NULL, NULL, NULL, 1),
(47, 26, 1, 12.00, 12, NULL, NULL, NULL, NULL, NULL, NULL, NULL, 1),
(48, 27, 1, 88.00, 88, NULL, NULL, NULL, NULL, NULL, NULL, NULL, 1),
(49, 28, 1, 69.50, 10, NULL, NULL, NULL, NULL, NULL, NULL, NULL, 1),
(50, 28, 1, 70.50, 10, NULL, NULL, NULL, NULL, NULL, NULL, NULL, 1),
(51, 28, 1, 70.50, 9, NULL, NULL, NULL, NULL, NULL, NULL, NULL, 1),
(52, 28, 1, 70.00, 10, NULL, NULL, NULL, NULL, NULL, NULL, NULL, 1),
(53, 29, 1, 20.00, 12, NULL, NULL, NULL, NULL, NULL, NULL, NULL, 1),
(54, 29, 1, 20.00, 12, NULL, NULL, NULL, NULL, NULL, NULL, NULL, 1),
(55, 29, 1, 20.00, 12, NULL, NULL, NULL, NULL, NULL, NULL, NULL, 1),
(56, 30, 1, 40.00, 12, NULL, NULL, NULL, NULL, NULL, NULL, NULL, 1),
(57, 30, 1, 40.00, 12, NULL, NULL, NULL, NULL, NULL, NULL, NULL, 1),
(58, 30, 1, 40.00, 12, NULL, NULL, NULL, NULL, NULL, NULL, NULL, 1),
(59, 31, 1, NULL, NULL, 3.00, 1200, 9.0, NULL, NULL, NULL, NULL, 1),
(60, 32, 1, 1.00, 2, NULL, NULL, NULL, NULL, NULL, NULL, NULL, 1),
(61, 33, 1, 70.00, 10, NULL, NULL, NULL, NULL, NULL, NULL, NULL, 1),
(62, 33, 1, 70.00, 10, NULL, NULL, NULL, NULL, NULL, NULL, NULL, 1),
(63, 33, 1, 70.00, 10, NULL, NULL, NULL, NULL, NULL, NULL, NULL, 1),
(64, 34, 1, 25.00, 10, NULL, NULL, NULL, NULL, NULL, NULL, NULL, 1),
(65, 34, 1, 25.00, 10, NULL, NULL, NULL, NULL, NULL, NULL, NULL, 1),
(66, 34, 1, 25.00, 10, NULL, NULL, NULL, NULL, NULL, NULL, NULL, 1),
(67, 35, 1, 60.00, 10, NULL, NULL, NULL, NULL, NULL, NULL, NULL, 1),
(68, 35, 1, 60.00, 10, NULL, NULL, NULL, NULL, NULL, NULL, NULL, 1),
(69, 35, 1, 60.00, 10, NULL, NULL, NULL, NULL, NULL, NULL, NULL, 1),
(70, 36, 1, 20.00, 10, NULL, NULL, NULL, NULL, NULL, NULL, NULL, 1),
(71, 36, 1, 20.00, 10, NULL, NULL, NULL, NULL, NULL, NULL, NULL, 1),
(72, 36, 1, 20.00, 10, NULL, NULL, NULL, NULL, NULL, NULL, NULL, 1),
(73, 37, 1, 70.00, 8, NULL, NULL, NULL, NULL, NULL, NULL, NULL, 1),
(74, 37, 1, 70.00, 8, NULL, NULL, NULL, NULL, NULL, NULL, NULL, 1),
(75, 37, 1, 70.00, 7, NULL, NULL, NULL, NULL, NULL, NULL, NULL, 1),
(76, 38, 1, 70.00, 10, NULL, NULL, NULL, NULL, NULL, NULL, NULL, 1),
(77, 38, 1, 70.00, 10, NULL, NULL, NULL, NULL, NULL, NULL, NULL, 1),
(78, 38, 1, 70.00, 10, NULL, NULL, NULL, NULL, NULL, NULL, NULL, 1),
(79, 39, 1, 20.00, 12, NULL, NULL, NULL, NULL, NULL, NULL, NULL, 1),
(80, 39, 1, 20.00, 12, NULL, NULL, NULL, NULL, NULL, NULL, NULL, 1),
(81, 39, 1, 20.00, 12, NULL, NULL, NULL, NULL, NULL, NULL, NULL, 1),
(82, 39, 1, 20.00, 12, NULL, NULL, NULL, NULL, NULL, NULL, NULL, 1),
(83, 39, 1, 20.00, 12, NULL, NULL, NULL, NULL, NULL, NULL, NULL, 1),
(84, 39, 1, 21.50, 12, NULL, NULL, NULL, NULL, NULL, NULL, NULL, 1),
(85, 40, 1, 30.00, 12, NULL, NULL, NULL, NULL, NULL, NULL, NULL, 1),
(86, 40, 1, 30.00, 12, NULL, NULL, NULL, NULL, NULL, NULL, NULL, 1),
(87, 40, 1, 30.00, 12, NULL, NULL, NULL, NULL, NULL, NULL, NULL, 1),
(88, 41, 1, NULL, NULL, 3.00, 1200, 9.0, NULL, NULL, NULL, NULL, 1),
(89, 42, 1, 60.00, 10, NULL, NULL, NULL, NULL, NULL, NULL, NULL, 1),
(90, 42, 1, 60.00, 10, NULL, NULL, NULL, NULL, NULL, NULL, NULL, 1),
(91, 42, 1, 60.00, 10, NULL, NULL, NULL, NULL, NULL, NULL, NULL, 1),
(92, 43, 1, 60.00, 10, NULL, NULL, NULL, NULL, NULL, NULL, NULL, 1),
(93, 43, 1, 60.00, 10, NULL, NULL, NULL, NULL, NULL, NULL, NULL, 1),
(94, 43, 1, 60.00, 10, NULL, NULL, NULL, NULL, NULL, NULL, NULL, 1),
(95, 44, 1, 60.00, 10, NULL, NULL, NULL, NULL, NULL, NULL, NULL, 1),
(96, 44, 1, 60.00, 10, NULL, NULL, NULL, NULL, NULL, NULL, NULL, 1),
(97, 44, 1, 60.00, 10, NULL, NULL, NULL, NULL, NULL, NULL, NULL, 1),
(98, 45, 1, 20.00, 10, NULL, NULL, NULL, NULL, NULL, NULL, NULL, 1),
(99, 45, 1, 20.00, 10, NULL, NULL, NULL, NULL, NULL, NULL, NULL, 1),
(100, 45, 1, 20.00, 10, NULL, NULL, NULL, NULL, NULL, NULL, NULL, 1),
(101, 46, 1, NULL, NULL, 3.00, 1200, 9.0, NULL, NULL, NULL, NULL, 1),
(102, 47, 1, 0.00, 0, NULL, NULL, NULL, NULL, NULL, NULL, NULL, 1),
(103, 47, 1, 0.00, 0, NULL, NULL, NULL, NULL, NULL, NULL, NULL, 1),
(104, 47, 1, 0.00, 0, NULL, NULL, NULL, NULL, NULL, NULL, NULL, 1),
(105, 48, 1, 0.00, 0, NULL, NULL, NULL, NULL, NULL, NULL, NULL, 1),
(106, 48, 1, 0.00, 0, NULL, NULL, NULL, NULL, NULL, NULL, NULL, 1),
(107, 48, 1, 0.00, 0, NULL, NULL, NULL, NULL, NULL, NULL, NULL, 1),
(108, 49, 1, 0.00, 0, NULL, NULL, NULL, NULL, NULL, NULL, NULL, 1),
(109, 49, 1, 0.00, 0, NULL, NULL, NULL, NULL, NULL, NULL, NULL, 1),
(110, 49, 1, 0.00, 0, NULL, NULL, NULL, NULL, NULL, NULL, NULL, 1),
(111, 50, 1, NULL, NULL, 0.00, 0, NULL, NULL, NULL, NULL, NULL, 1),
(112, 51, 1, 60.00, 10, NULL, NULL, NULL, NULL, NULL, NULL, NULL, 1),
(113, 51, 1, 60.00, 10, NULL, NULL, NULL, NULL, NULL, NULL, NULL, 1),
(114, 51, 1, 60.00, 10, NULL, NULL, NULL, NULL, NULL, NULL, NULL, 1),
(115, 52, 1, 60.00, 10, NULL, NULL, NULL, NULL, NULL, NULL, NULL, 1),
(116, 52, 1, 60.00, 10, NULL, NULL, NULL, NULL, NULL, NULL, NULL, 1),
(117, 52, 1, 60.00, 10, NULL, NULL, NULL, NULL, NULL, NULL, NULL, 1),
(118, 53, 1, 20.00, 10, NULL, NULL, NULL, NULL, NULL, NULL, NULL, 1),
(119, 53, 1, 20.00, 10, NULL, NULL, NULL, NULL, NULL, NULL, NULL, 1),
(120, 53, 1, 20.00, 10, NULL, NULL, NULL, NULL, NULL, NULL, NULL, 1),
(121, 54, 1, NULL, NULL, 3.00, 1200, 9.0, NULL, NULL, NULL, NULL, 1),
(122, 55, 1, 0.00, 0, NULL, NULL, NULL, NULL, NULL, NULL, NULL, 1),
(123, 55, 1, 0.00, 0, NULL, NULL, NULL, NULL, NULL, NULL, NULL, 1),
(124, 55, 1, 0.00, 0, NULL, NULL, NULL, NULL, NULL, NULL, NULL, 1),
(125, 56, 1, 0.00, 0, NULL, NULL, NULL, NULL, NULL, NULL, NULL, 1),
(126, 56, 1, 0.00, 0, NULL, NULL, NULL, NULL, NULL, NULL, NULL, 1),
(127, 56, 1, 0.00, 0, NULL, NULL, NULL, NULL, NULL, NULL, NULL, 1),
(128, 56, 1, 0.00, 0, NULL, NULL, NULL, NULL, NULL, NULL, NULL, 1),
(129, 56, 1, 0.00, 0, NULL, NULL, NULL, NULL, NULL, NULL, NULL, 1),
(130, 56, 1, 0.00, 0, NULL, NULL, NULL, NULL, NULL, NULL, NULL, 1),
(131, 57, 1, 0.00, 0, NULL, NULL, NULL, NULL, NULL, NULL, NULL, 1),
(132, 57, 1, 0.00, 0, NULL, NULL, NULL, NULL, NULL, NULL, NULL, 1),
(133, 57, 1, 0.00, 0, NULL, NULL, NULL, NULL, NULL, NULL, NULL, 1),
(134, 58, 1, NULL, NULL, 0.00, 0, 0.0, NULL, NULL, NULL, NULL, 1),
(135, 59, 1, 0.00, 0, NULL, NULL, NULL, NULL, NULL, NULL, NULL, 1),
(136, 59, 1, 0.00, 0, NULL, NULL, NULL, NULL, NULL, NULL, NULL, 1),
(137, 59, 1, 0.00, 0, NULL, NULL, NULL, NULL, NULL, NULL, NULL, 1),
(138, 59, 1, 0.00, 0, NULL, NULL, NULL, NULL, NULL, NULL, NULL, 1),
(139, 59, 1, 0.00, 0, NULL, NULL, NULL, NULL, NULL, NULL, NULL, 1),
(140, 59, 1, 0.00, 0, NULL, NULL, NULL, NULL, NULL, NULL, NULL, 1),
(141, 55, 1, 0.00, 0, NULL, NULL, NULL, NULL, NULL, NULL, NULL, 1),
(142, 55, 1, 0.00, 0, NULL, NULL, NULL, NULL, NULL, NULL, NULL, 1),
(143, 55, 1, 0.00, 0, NULL, NULL, NULL, NULL, NULL, NULL, NULL, 1),
(144, 56, 1, 0.00, 0, NULL, NULL, NULL, NULL, NULL, NULL, NULL, 1),
(145, 56, 1, 0.00, 0, NULL, NULL, NULL, NULL, NULL, NULL, NULL, 1),
(146, 56, 1, 0.00, 0, NULL, NULL, NULL, NULL, NULL, NULL, NULL, 1),
(147, 58, 1, NULL, NULL, 0.00, 0, 0.0, NULL, NULL, NULL, NULL, 1),
(148, 60, 1, 60.00, 10, NULL, NULL, NULL, NULL, NULL, NULL, NULL, 1),
(149, 60, 1, 60.00, 10, NULL, NULL, NULL, NULL, NULL, NULL, NULL, 1),
(150, 60, 1, 60.00, 10, NULL, NULL, NULL, NULL, NULL, NULL, NULL, 1),
(151, 61, 1, 0.00, 10, NULL, NULL, NULL, NULL, NULL, NULL, NULL, 1),
(152, 61, 1, 0.00, 10, NULL, NULL, NULL, NULL, NULL, NULL, NULL, 1),
(153, 61, 1, 0.00, 10, NULL, NULL, NULL, NULL, NULL, NULL, NULL, 1),
(154, 62, 1, 60.00, 10, NULL, NULL, NULL, NULL, NULL, NULL, NULL, 1),
(155, 62, 1, 60.00, 10, NULL, NULL, NULL, NULL, NULL, NULL, NULL, 1),
(156, 62, 1, 60.00, 10, NULL, NULL, NULL, NULL, NULL, NULL, NULL, 1),
(157, 63, 1, 20.00, 10, NULL, NULL, NULL, NULL, NULL, NULL, NULL, 1),
(158, 63, 1, 20.00, 10, NULL, NULL, NULL, NULL, NULL, NULL, NULL, 1),
(159, 63, 1, 20.00, 10, NULL, NULL, NULL, NULL, NULL, NULL, NULL, 1),
(160, 64, 1, 20.00, 10, NULL, NULL, NULL, NULL, NULL, NULL, NULL, 1),
(161, 64, 1, 20.00, 10, NULL, NULL, NULL, NULL, NULL, NULL, NULL, 1),
(162, 64, 1, 20.00, 10, NULL, NULL, NULL, NULL, NULL, NULL, NULL, 1),
(163, 65, 1, NULL, NULL, 3.00, 1200, NULL, NULL, NULL, NULL, NULL, 1),
(164, 66, 1, 60.00, 10, NULL, NULL, NULL, NULL, NULL, NULL, NULL, 1),
(165, 66, 1, 60.00, 10, NULL, NULL, NULL, NULL, NULL, NULL, NULL, 1),
(166, 66, 1, 60.00, 10, NULL, NULL, NULL, NULL, NULL, NULL, NULL, 1),
(167, 67, 1, 0.00, 10, NULL, NULL, NULL, NULL, NULL, NULL, NULL, 1),
(168, 67, 1, 0.00, 10, NULL, NULL, NULL, NULL, NULL, NULL, NULL, 1),
(169, 67, 1, 0.00, 10, NULL, NULL, NULL, NULL, NULL, NULL, NULL, 1),
(170, 68, 1, 60.00, 10, NULL, NULL, NULL, NULL, NULL, NULL, NULL, 1),
(171, 68, 1, 60.00, 10, NULL, NULL, NULL, NULL, NULL, NULL, NULL, 1),
(172, 68, 1, 60.00, 10, NULL, NULL, NULL, NULL, NULL, NULL, NULL, 1),
(173, 69, 1, 20.00, 10, NULL, NULL, NULL, NULL, NULL, NULL, NULL, 1),
(174, 69, 1, 20.00, 10, NULL, NULL, NULL, NULL, NULL, NULL, NULL, 1),
(175, 69, 1, 20.00, 10, NULL, NULL, NULL, NULL, NULL, NULL, NULL, 1),
(176, 70, 1, 20.00, 10, NULL, NULL, NULL, NULL, NULL, NULL, NULL, 1),
(177, 70, 1, 20.00, 10, NULL, NULL, NULL, NULL, NULL, NULL, NULL, 1),
(178, 70, 1, 20.00, 10, NULL, NULL, NULL, NULL, NULL, NULL, NULL, 1),
(179, 71, 1, NULL, NULL, 3.00, 1200, NULL, NULL, NULL, NULL, NULL, 1),
(180, 72, 1, 60.00, 10, NULL, NULL, NULL, NULL, NULL, NULL, NULL, 1),
(181, 72, 1, 60.00, 10, NULL, NULL, NULL, NULL, NULL, NULL, NULL, 1),
(182, 72, 1, 60.00, 10, NULL, NULL, NULL, NULL, NULL, NULL, NULL, 1),
(183, 73, 1, 0.00, 10, NULL, NULL, NULL, NULL, NULL, NULL, NULL, 1),
(184, 73, 1, 0.00, 10, NULL, NULL, NULL, NULL, NULL, NULL, NULL, 1),
(185, 73, 1, 0.00, 10, NULL, NULL, NULL, NULL, NULL, NULL, NULL, 1),
(186, 74, 1, 60.00, 10, NULL, NULL, NULL, NULL, NULL, NULL, NULL, 1),
(187, 74, 1, 60.00, 10, NULL, NULL, NULL, NULL, NULL, NULL, NULL, 1),
(188, 74, 1, 60.00, 10, NULL, NULL, NULL, NULL, NULL, NULL, NULL, 1),
(189, 75, 1, 20.00, 10, NULL, NULL, NULL, NULL, NULL, NULL, NULL, 1),
(190, 75, 1, 20.00, 10, NULL, NULL, NULL, NULL, NULL, NULL, NULL, 1),
(191, 75, 1, 20.00, 10, NULL, NULL, NULL, NULL, NULL, NULL, NULL, 1),
(192, 76, 1, NULL, NULL, 3.00, 1200, NULL, NULL, NULL, NULL, NULL, 1),
(193, 77, 1, 0.00, 0, NULL, NULL, NULL, NULL, NULL, NULL, NULL, 1),
(194, 77, 1, 0.00, 0, NULL, NULL, NULL, NULL, NULL, NULL, NULL, 1),
(195, 77, 1, 0.00, 0, NULL, NULL, NULL, NULL, NULL, NULL, NULL, 1),
(196, 78, 1, 0.00, 0, NULL, NULL, NULL, NULL, NULL, NULL, NULL, 1),
(197, 78, 1, 0.00, 0, NULL, NULL, NULL, NULL, NULL, NULL, NULL, 1),
(198, 78, 1, 0.00, 0, NULL, NULL, NULL, NULL, NULL, NULL, NULL, 1),
(199, 78, 1, 0.00, 0, NULL, NULL, NULL, NULL, NULL, NULL, NULL, 1),
(200, 78, 1, 0.00, 0, NULL, NULL, NULL, NULL, NULL, NULL, NULL, 1),
(201, 78, 1, 0.00, 0, NULL, NULL, NULL, NULL, NULL, NULL, NULL, 1),
(202, 79, 1, 0.00, 0, NULL, NULL, NULL, NULL, NULL, NULL, NULL, 1),
(203, 79, 1, 0.00, 0, NULL, NULL, NULL, NULL, NULL, NULL, NULL, 1),
(204, 79, 1, 0.00, 0, NULL, NULL, NULL, NULL, NULL, NULL, NULL, 1),
(205, 80, 1, NULL, NULL, 0.00, 0, NULL, NULL, NULL, NULL, NULL, 1),
(206, 81, 1, 0.00, 0, NULL, NULL, NULL, NULL, NULL, NULL, NULL, 1),
(207, 81, 1, 0.00, 0, NULL, NULL, NULL, NULL, NULL, NULL, NULL, 1),
(208, 81, 1, 0.00, 0, NULL, NULL, NULL, NULL, NULL, NULL, NULL, 1),
(209, 82, 1, 60.00, 10, NULL, NULL, NULL, NULL, NULL, NULL, NULL, 1),
(210, 83, 1, 0.00, 10, NULL, NULL, NULL, NULL, NULL, NULL, NULL, 1),
(211, 84, 1, 60.00, 10, NULL, NULL, NULL, NULL, NULL, NULL, NULL, 1),
(212, 85, 1, 20.00, 10, NULL, NULL, NULL, NULL, NULL, NULL, NULL, 1),
(213, 86, 1, NULL, NULL, 3.00, 1200, NULL, NULL, NULL, NULL, NULL, 1),
(214, 87, 1, 60.00, 10, NULL, NULL, NULL, NULL, NULL, NULL, NULL, 1),
(215, 88, 1, 0.00, 10, NULL, NULL, NULL, NULL, NULL, NULL, NULL, 1),
(216, 89, 1, 60.00, 10, NULL, NULL, NULL, NULL, NULL, NULL, NULL, 1),
(217, 90, 1, 20.00, 10, NULL, NULL, NULL, NULL, NULL, NULL, NULL, 1),
(218, 91, 1, NULL, NULL, 3.00, 1200, NULL, NULL, NULL, NULL, NULL, 1),
(219, 91, 1, NULL, NULL, 3.00, 1200, NULL, NULL, NULL, NULL, NULL, 1),
(220, 88, 1, 0.00, 10, NULL, NULL, NULL, NULL, NULL, NULL, NULL, 1),
(260, 115, 1, 0.00, 8, NULL, NULL, NULL, NULL, NULL, NULL, NULL, 1),
(259, 114, 1, 60.00, 10, NULL, NULL, NULL, NULL, NULL, NULL, NULL, 1),
(258, 113, 1, 60.00, 10, NULL, NULL, NULL, NULL, NULL, NULL, NULL, 1),
(257, 112, 1, NULL, NULL, 3.00, 1200, NULL, NULL, NULL, NULL, NULL, 1),
(256, 111, 1, 6.00, 12, NULL, NULL, NULL, NULL, NULL, NULL, NULL, 1),
(255, 110, 1, 0.00, 15, NULL, NULL, NULL, NULL, NULL, NULL, NULL, 1),
(254, 109, 1, 8.00, 12, NULL, NULL, NULL, NULL, NULL, NULL, NULL, 1),
(253, 108, 1, 10.00, 12, NULL, NULL, NULL, NULL, NULL, NULL, NULL, 1),
(252, 107, 1, 0.00, 10, NULL, NULL, NULL, NULL, NULL, NULL, NULL, 1),
(251, 106, 1, NULL, NULL, 3.00, 1200, NULL, NULL, NULL, NULL, NULL, 1),
(250, 105, 1, 15.00, 10, NULL, NULL, NULL, NULL, NULL, NULL, NULL, 1),
(249, 104, 1, 60.00, 10, NULL, NULL, NULL, NULL, NULL, NULL, NULL, 1),
(248, 103, 1, 20.00, 10, NULL, NULL, NULL, NULL, NULL, NULL, NULL, 1),
(247, 102, 1, 0.00, 10, NULL, NULL, NULL, NULL, NULL, NULL, NULL, 1),
(246, 101, 1, 60.00, 10, NULL, NULL, NULL, NULL, NULL, NULL, NULL, 1),
(261, 116, 1, 20.00, 10, NULL, NULL, NULL, NULL, NULL, NULL, NULL, 1),
(262, 117, 1, 15.00, 10, NULL, NULL, NULL, NULL, NULL, NULL, NULL, 1),
(263, 118, 1, NULL, NULL, 3.00, 1200, NULL, NULL, NULL, NULL, NULL, 1),
(264, 119, 1, 12.00, 23, NULL, NULL, NULL, NULL, NULL, NULL, NULL, 1),
(265, 120, 1, 22.00, 2, NULL, NULL, NULL, NULL, NULL, NULL, NULL, 1),
(266, 121, 1, 2.00, 2, NULL, NULL, NULL, NULL, NULL, NULL, NULL, 1),
(267, 122, 1, 70.00, 5, NULL, NULL, NULL, NULL, NULL, NULL, NULL, 1),
(268, 123, 1, 60.00, 10, NULL, NULL, NULL, NULL, NULL, NULL, NULL, 1),
(269, 124, 1, 20.00, 10, NULL, NULL, NULL, NULL, NULL, NULL, NULL, 1),
(270, 125, 1, 70.00, 12, NULL, NULL, NULL, NULL, NULL, NULL, NULL, 1),
(271, 126, 1, 0.00, 8, NULL, NULL, NULL, NULL, NULL, NULL, NULL, 1),
(272, 127, 1, NULL, NULL, 3.00, 1200, NULL, NULL, NULL, NULL, NULL, 1),
(273, 125, 1, 80.00, 8, NULL, NULL, NULL, NULL, NULL, NULL, NULL, 1),
(274, 126, 1, 0.00, 8, NULL, NULL, NULL, NULL, NULL, NULL, NULL, 1),
(275, 128, 1, 50.00, 10, NULL, NULL, NULL, NULL, NULL, NULL, NULL, 1),
(276, 129, 1, 20.00, 10, NULL, NULL, NULL, NULL, NULL, NULL, NULL, 1),
(277, 127, 1, NULL, NULL, 3.00, 1200, NULL, NULL, NULL, NULL, NULL, 1),
(278, 130, 1, 30.00, 12, NULL, NULL, NULL, NULL, NULL, NULL, NULL, 1),
(279, 126, 1, 60.00, 8, NULL, NULL, NULL, NULL, NULL, NULL, NULL, 1),
(280, 126, 1, 60.00, 8, NULL, NULL, NULL, NULL, NULL, NULL, NULL, 1),
(281, 131, 1, 0.00, 0, NULL, NULL, NULL, NULL, NULL, NULL, NULL, 1),
(282, 132, 1, 60.00, 10, NULL, NULL, NULL, NULL, NULL, NULL, NULL, 1),
(283, 133, 1, 0.00, 8, NULL, NULL, NULL, NULL, NULL, NULL, NULL, 1),
(284, 134, 1, 40.00, 10, NULL, NULL, NULL, NULL, NULL, NULL, NULL, 1),
(285, 131, 1, 8.00, 12, NULL, NULL, NULL, NULL, NULL, NULL, NULL, 1),
(286, 135, 1, NULL, NULL, 3.00, 1200, NULL, NULL, NULL, NULL, NULL, 1),
(287, 136, 1, 20.00, 12, NULL, NULL, NULL, NULL, NULL, NULL, NULL, 1),
(288, 137, 1, 60.00, 10, NULL, NULL, NULL, NULL, NULL, NULL, NULL, 1),
(289, 138, 1, 50.00, 12, NULL, NULL, NULL, NULL, NULL, NULL, NULL, 1),
(290, 139, 1, 20.00, 10, NULL, NULL, NULL, NULL, NULL, NULL, NULL, 1),
(291, 140, 1, 25.00, 12, NULL, NULL, NULL, NULL, NULL, NULL, NULL, 1),
(292, 141, 1, NULL, NULL, 3.00, 1200, NULL, NULL, NULL, NULL, NULL, 1),
(293, 142, 1, 60.00, 10, NULL, NULL, NULL, NULL, NULL, NULL, NULL, 1),
(294, 143, 1, 50.00, 12, NULL, NULL, NULL, NULL, NULL, NULL, NULL, 1),
(295, 144, 1, 20.00, 10, NULL, NULL, NULL, NULL, NULL, NULL, NULL, 1),
(296, 145, 1, 25.00, 12, NULL, NULL, NULL, NULL, NULL, NULL, NULL, 1),
(297, 146, 1, NULL, NULL, 3.00, 1200, NULL, NULL, NULL, NULL, NULL, 1),
(298, 147, 1, 0.00, 0, NULL, NULL, NULL, NULL, NULL, NULL, NULL, 1),
(299, 147, 1, 0.00, 0, NULL, NULL, NULL, NULL, NULL, NULL, NULL, 1),
(300, 148, 1, 60.00, 10, NULL, NULL, NULL, NULL, NULL, NULL, NULL, 1),
(301, 149, 1, 0.00, 8, NULL, NULL, NULL, NULL, NULL, NULL, NULL, 1),
(302, 150, 1, 80.00, 10, NULL, NULL, NULL, NULL, NULL, NULL, NULL, 1),
(303, 147, 1, 20.00, 10, NULL, NULL, NULL, NULL, NULL, NULL, NULL, 1),
(304, 151, 1, NULL, NULL, 3.00, 1200, NULL, NULL, NULL, NULL, NULL, 1),
(305, 152, 1, 60.00, 10, NULL, NULL, NULL, NULL, NULL, NULL, NULL, 1),
(306, 153, 1, 50.00, 12, NULL, NULL, NULL, NULL, NULL, NULL, NULL, 1),
(307, 153, 1, 10.00, 15, NULL, NULL, NULL, NULL, NULL, NULL, NULL, 1),
(308, 154, 1, NULL, NULL, 3.00, 1200, NULL, NULL, NULL, NULL, NULL, 1),
(309, 155, 1, 60.00, 10, NULL, NULL, NULL, NULL, NULL, NULL, NULL, 1),
(310, 156, 1, 20.00, 12, NULL, NULL, NULL, NULL, NULL, NULL, NULL, 1),
(311, 157, 1, 0.00, 8, NULL, NULL, NULL, NULL, NULL, NULL, NULL, 1),
(312, 158, 1, 40.00, 10, NULL, NULL, NULL, NULL, NULL, NULL, NULL, 1),
(313, 159, 1, NULL, NULL, 3.00, 1200, NULL, NULL, NULL, NULL, NULL, 1),
(314, 160, 1, 2.00, 1, NULL, NULL, NULL, NULL, NULL, NULL, NULL, 1),
(315, 160, 1, 3.00, 1, NULL, NULL, NULL, NULL, NULL, NULL, NULL, 1),
(316, 160, 1, 1.00, 1, NULL, NULL, NULL, NULL, NULL, NULL, NULL, 1),
(317, 160, 1, 2.00, 11111, NULL, NULL, NULL, NULL, NULL, NULL, NULL, 1),
(318, 160, 1, 3.00, 11111, NULL, NULL, NULL, NULL, NULL, NULL, NULL, 1),
(319, 160, 1, 1.00, 11111, NULL, NULL, NULL, NULL, NULL, NULL, NULL, 1),
(320, 160, 1, 112.00, 11111, NULL, NULL, NULL, NULL, NULL, NULL, NULL, 1),
(321, 160, 1, 113.00, 11111, NULL, NULL, NULL, NULL, NULL, NULL, NULL, 1),
(322, 160, 1, 11.00, 11111, NULL, NULL, NULL, NULL, NULL, NULL, NULL, 1),
(323, 160, 1, 111.00, 11111, NULL, NULL, NULL, NULL, NULL, NULL, NULL, 1),
(324, 161, 1, 999.99, 11111, NULL, NULL, NULL, NULL, NULL, NULL, NULL, 1),
(325, 162, 1, 999.99, 1111111111, NULL, NULL, NULL, NULL, NULL, NULL, NULL, 1),
(326, 163, 1, 999.99, 2147483647, NULL, NULL, NULL, NULL, NULL, NULL, NULL, 1),
(327, 161, 1, 999.99, 2147483647, NULL, NULL, NULL, NULL, NULL, NULL, NULL, 1),
(328, 164, 1, NULL, NULL, 999.99, 2147483647, NULL, NULL, NULL, NULL, NULL, 1),
(329, 165, 1, 0.00, 0, NULL, NULL, NULL, NULL, NULL, NULL, NULL, 1),
(330, 165, 1, 0.00, 0, NULL, NULL, NULL, NULL, NULL, NULL, NULL, 1),
(331, 165, 1, 0.00, 0, NULL, NULL, NULL, NULL, NULL, NULL, NULL, 1),
(332, 166, 1, 0.00, 0, NULL, NULL, NULL, NULL, NULL, NULL, NULL, 1),
(333, 166, 1, 0.00, 0, NULL, NULL, NULL, NULL, NULL, NULL, NULL, 1),
(334, 166, 1, 0.00, 0, NULL, NULL, NULL, NULL, NULL, NULL, NULL, 1),
(335, 167, 1, 0.00, 0, NULL, NULL, NULL, NULL, NULL, NULL, NULL, 1),
(336, 167, 1, 0.00, 0, NULL, NULL, NULL, NULL, NULL, NULL, NULL, 1),
(337, 167, 1, 0.00, 0, NULL, NULL, NULL, NULL, NULL, NULL, NULL, 1),
(338, 168, 1, NULL, NULL, 0.00, 0, NULL, NULL, NULL, NULL, NULL, 1),
(339, 168, 1, NULL, NULL, 999.99, 0, NULL, NULL, NULL, NULL, NULL, 1),
(340, 168, 1, NULL, NULL, 999.99, 666666600, NULL, NULL, NULL, NULL, NULL, 1),
(341, 167, 1, 999.99, 0, NULL, NULL, NULL, NULL, NULL, NULL, NULL, 1),
(342, 167, 1, -999.99, 0, NULL, NULL, NULL, NULL, NULL, NULL, NULL, 1),
(343, 167, 1, 999.99, 0, NULL, NULL, NULL, NULL, NULL, NULL, NULL, 1),
(344, 167, 1, 999.99, 111111, NULL, NULL, NULL, NULL, NULL, NULL, NULL, 1),
(345, 167, 1, -999.99, 111111111, NULL, NULL, NULL, NULL, NULL, NULL, NULL, 1),
(346, 167, 1, 999.99, 2147483647, NULL, NULL, NULL, NULL, NULL, NULL, NULL, 1),
(347, 167, 1, 999.99, 111111111, NULL, NULL, NULL, NULL, NULL, NULL, NULL, 1),
(348, 166, 1, 999.99, 0, NULL, NULL, NULL, NULL, NULL, NULL, NULL, 1),
(349, 166, 1, 999.99, 0, NULL, NULL, NULL, NULL, NULL, NULL, NULL, 1),
(350, 166, 1, 999.99, 0, NULL, NULL, NULL, NULL, NULL, NULL, NULL, 1),
(351, 166, 1, 999.99, 111111111, NULL, NULL, NULL, NULL, NULL, NULL, NULL, 1),
(352, 166, 1, 999.99, 111, NULL, NULL, NULL, NULL, NULL, NULL, NULL, 1),
(353, 166, 1, 999.99, 2147483647, NULL, NULL, NULL, NULL, NULL, NULL, NULL, 1),
(354, 165, 1, 999.99, 0, NULL, NULL, NULL, NULL, NULL, NULL, NULL, 1),
(355, 165, 1, -999.99, 0, NULL, NULL, NULL, NULL, NULL, NULL, NULL, 1),
(356, 165, 1, 999.99, 0, NULL, NULL, NULL, NULL, NULL, NULL, NULL, 1),
(357, 165, 1, 999.99, 2147483647, NULL, NULL, NULL, NULL, NULL, NULL, NULL, 1),
(358, 165, 1, -999.99, 2147483647, NULL, NULL, NULL, NULL, NULL, NULL, NULL, 1),
(359, 165, 1, 999.99, 2147483647, NULL, NULL, NULL, NULL, NULL, NULL, NULL, 1),
(360, 169, 1, 60.00, 10, NULL, NULL, NULL, NULL, NULL, NULL, NULL, 1),
(361, 170, 1, 0.00, 10, NULL, NULL, NULL, NULL, NULL, NULL, NULL, 1),
(362, 170, 1, 0.00, 10, NULL, NULL, NULL, NULL, NULL, NULL, NULL, 1),
(363, 171, 1, 60.00, 10, NULL, NULL, NULL, NULL, NULL, NULL, NULL, 1),
(364, 172, 1, 20.00, 10, NULL, NULL, NULL, NULL, NULL, NULL, NULL, 1),
(365, 173, 1, NULL, NULL, 3.00, 1200, NULL, NULL, NULL, NULL, NULL, 1),
(366, 173, 1, NULL, NULL, 3.00, 1200, NULL, NULL, NULL, NULL, NULL, 1),
(367, 173, 1, NULL, NULL, -999.99, 1200, NULL, NULL, NULL, NULL, NULL, 1),
(368, 173, 1, NULL, NULL, -999.99, 1200, NULL, NULL, NULL, NULL, NULL, 1),
(369, 172, 1, -999.99, 10, NULL, NULL, NULL, NULL, NULL, NULL, NULL, 1),
(370, 171, 1, -999.99, 10, NULL, NULL, NULL, NULL, NULL, NULL, NULL, 1),
(371, 170, 1, -999.99, 10, NULL, NULL, NULL, NULL, NULL, NULL, NULL, 1),
(372, 170, 1, -999.99, 10, NULL, NULL, NULL, NULL, NULL, NULL, NULL, 1),
(373, 169, 1, -999.99, 10, NULL, NULL, NULL, NULL, NULL, NULL, NULL, 1),
(374, 174, 1, 100.00, 5, NULL, NULL, NULL, NULL, NULL, NULL, NULL, 1),
(376, 176, 1, 60.00, 10, NULL, NULL, NULL, NULL, NULL, NULL, NULL, 1),
(377, 177, 1, 8.00, 12, NULL, NULL, NULL, NULL, NULL, NULL, NULL, 1),
(378, 178, 1, 0.00, 8, NULL, NULL, NULL, NULL, NULL, NULL, NULL, 1),
(379, 179, 1, 100.00, 12, NULL, NULL, NULL, NULL, NULL, NULL, NULL, 1),
(380, 180, 1, NULL, NULL, 3.00, 1200, NULL, NULL, NULL, NULL, NULL, 1),
(381, 181, 1, 0.00, 0, NULL, NULL, NULL, NULL, NULL, NULL, NULL, 1),
(382, 182, 1, 60.00, 10, NULL, NULL, NULL, NULL, NULL, NULL, NULL, 1),
(383, 183, 1, 20.00, 12, NULL, NULL, NULL, NULL, NULL, NULL, NULL, 1),
(384, 184, 1, 25.00, 10, NULL, NULL, NULL, NULL, NULL, NULL, NULL, 1),
(385, 185, 1, 10.00, 15, NULL, NULL, NULL, NULL, NULL, NULL, NULL, 1),
(386, 186, 1, NULL, NULL, 3.00, 1200, NULL, NULL, NULL, NULL, NULL, 1),
(387, 187, 1, 0.00, 0, NULL, NULL, NULL, NULL, NULL, NULL, NULL, 1),
(388, 187, 1, 0.00, 0, NULL, NULL, NULL, NULL, NULL, NULL, NULL, 1),
(389, 188, 1, 60.00, 10, NULL, NULL, NULL, NULL, NULL, NULL, NULL, 1),
(390, 187, 1, 20.00, 12, NULL, NULL, NULL, NULL, NULL, NULL, NULL, 1),
(391, 189, 1, NULL, NULL, 3.00, 1200, NULL, NULL, NULL, NULL, NULL, 1),
(392, 190, 1, 0.00, 8, NULL, NULL, NULL, NULL, NULL, NULL, NULL, 1),
(393, 191, 1, 80.00, 10, NULL, NULL, NULL, NULL, NULL, NULL, NULL, 1),
(394, 192, 1, 25.00, 12, NULL, NULL, NULL, NULL, NULL, NULL, NULL, 1),
(395, 187, 1, 0.00, 0, NULL, NULL, NULL, NULL, NULL, NULL, NULL, 1),
(396, 193, 1, 60.00, 10, NULL, NULL, NULL, NULL, NULL, NULL, NULL, 1),
(397, 187, 1, 8.00, 12, NULL, NULL, NULL, NULL, NULL, NULL, NULL, 1),
(398, 189, 1, NULL, NULL, 3.00, 1200, NULL, NULL, NULL, NULL, NULL, 1);

-- --------------------------------------------------------

--
-- 表的结构 `goals`
--

DROP TABLE IF EXISTS `goals`;
CREATE TABLE IF NOT EXISTS `goals` (
  `goal_id` int NOT NULL AUTO_INCREMENT,
  `user_id` int NOT NULL,
  `goal_type` varchar(50) DEFAULT NULL,
  `target_value` decimal(10,2) DEFAULT NULL,
  `deadline` date DEFAULT NULL,
  `status` enum('Active','Achieved','Abandoned') DEFAULT 'Active',
  PRIMARY KEY (`goal_id`),
  KEY `user_id` (`user_id`)
) ENGINE=MyISAM AUTO_INCREMENT=3 DEFAULT CHARSET=utf8mb4 COLLATE=utf8mb4_0900_ai_ci;

--
-- 转存表中的数据 `goals`
--

INSERT INTO `goals` (`goal_id`, `user_id`, `goal_type`, `target_value`, `deadline`, `status`) VALUES
(1, 1, '体重目标', 70.00, '2026-04-01', 'Active'),
(2, 1, '体脂率目标', 15.00, '2026-04-01', 'Active');

-- --------------------------------------------------------

--
-- 表的结构 `muscle_groups`
--

DROP TABLE IF EXISTS `muscle_groups`;
CREATE TABLE IF NOT EXISTS `muscle_groups` (
  `muscle_id` int NOT NULL AUTO_INCREMENT,
  `name` varchar(50) NOT NULL,
  `category` varchar(50) DEFAULT NULL,
  PRIMARY KEY (`muscle_id`),
  UNIQUE KEY `name` (`name`)
) ENGINE=MyISAM AUTO_INCREMENT=24 DEFAULT CHARSET=utf8mb4 COLLATE=utf8mb4_0900_ai_ci;

--
-- 转存表中的数据 `muscle_groups`
--

INSERT INTO `muscle_groups` (`muscle_id`, `name`, `category`) VALUES
(1, '胸部', NULL),
(2, '背部', NULL),
(3, '腿部', NULL),
(4, '肩部', NULL),
(5, '手臂', NULL),
(6, '核心', NULL),
(7, '全身', NULL),
(8, 'biceps', '手臂'),
(9, 'triceps', '手臂'),
(10, 'forearms', '手臂'),
(11, 'chest', '胸部'),
(12, 'lats', '背部'),
(13, 'middle back', '背部'),
(14, 'lower back', '背部'),
(15, 'traps', '背部'),
(16, 'quadriceps', '腿部'),
(17, 'hamstrings', '腿部'),
(18, 'glutes', '腿部'),
(19, 'calves', '腿部'),
(20, 'shoulders', '肩部'),
(21, 'abdominals', '核心'),
(22, 'full body', '全身'),
(23, '有氧', '心肺训练');

-- --------------------------------------------------------

--
-- 表的结构 `plans`
--

DROP TABLE IF EXISTS `plans`;
CREATE TABLE IF NOT EXISTS `plans` (
  `plan_id` int NOT NULL AUTO_INCREMENT,
  `user_id` int NOT NULL,
  `name` varchar(100) NOT NULL,
  `cycle_type` varchar(50) DEFAULT NULL,
  PRIMARY KEY (`plan_id`),
  KEY `user_id` (`user_id`)
) ENGINE=MyISAM AUTO_INCREMENT=6 DEFAULT CHARSET=utf8mb4 COLLATE=utf8mb4_0900_ai_ci;

--
-- 转存表中的数据 `plans`
--

INSERT INTO `plans` (`plan_id`, `user_id`, `name`, `cycle_type`) VALUES
(1, 1, '腿部模板测试', NULL),
(2, 1, 'a\'a\'a', NULL),
(3, 1, '000', NULL),
(4, 1, '345', NULL),
(5, 1, '12', NULL);

-- --------------------------------------------------------

--
-- 表的结构 `plan_items`
--

DROP TABLE IF EXISTS `plan_items`;
CREATE TABLE IF NOT EXISTS `plan_items` (
  `item_id` int NOT NULL AUTO_INCREMENT,
  `plan_id` int NOT NULL,
  `exercise_id` int NOT NULL,
  `order_index` int DEFAULT NULL,
  `target_sets` int DEFAULT NULL,
  `target_reps` int DEFAULT NULL,
  `target_weight` decimal(5,2) DEFAULT '0.00',
  `target_distance` decimal(5,2) DEFAULT '0.00',
  `target_duration` int DEFAULT '0',
  PRIMARY KEY (`item_id`),
  KEY `plan_id` (`plan_id`),
  KEY `exercise_id` (`exercise_id`)
) ENGINE=MyISAM AUTO_INCREMENT=25 DEFAULT CHARSET=utf8mb4 COLLATE=utf8mb4_0900_ai_ci;

--
-- 转存表中的数据 `plan_items`
--

INSERT INTO `plan_items` (`item_id`, `plan_id`, `exercise_id`, `order_index`, `target_sets`, `target_reps`, `target_weight`, `target_distance`, `target_duration`) VALUES
(1, 1, 44, NULL, 3, NULL, 0.00, 0.00, 0),
(2, 1, 64, NULL, 3, NULL, 0.00, 0.00, 0),
(3, 1, 1, NULL, 3, NULL, 0.00, 0.00, 0),
(4, 1, 370, NULL, 1, NULL, 0.00, 0.00, 0),
(5, 2, 64, NULL, 3, NULL, 0.00, 0.00, 0),
(6, 2, 1, NULL, 6, NULL, 0.00, 0.00, 0),
(7, 2, 824, NULL, 3, NULL, 0.00, 0.00, 0),
(8, 2, 370, NULL, 1, NULL, 0.00, 0.00, 0),
(9, 2, 44, NULL, 3, NULL, 0.00, 0.00, 0),
(10, 3, 44, NULL, 3, 10, 60.00, NULL, NULL),
(11, 3, 51, NULL, 3, 10, 60.00, NULL, NULL),
(12, 3, 1, NULL, 3, 10, 20.00, NULL, NULL),
(13, 3, 370, NULL, 1, NULL, NULL, 3.00, 1200),
(14, 4, 44, NULL, 3, 10, 60.00, NULL, NULL),
(15, 4, 36, NULL, 3, 10, 0.00, NULL, NULL),
(16, 4, 51, NULL, 3, 10, 60.00, NULL, NULL),
(17, 4, 1, NULL, 3, 10, 20.00, NULL, NULL),
(18, 4, 45, NULL, 3, 10, 20.00, NULL, NULL),
(19, 4, 370, NULL, 1, NULL, NULL, 3.00, 1200),
(20, 5, 273, NULL, 1, 10, 60.00, NULL, NULL),
(21, 5, 36, NULL, 2, 10, 0.00, NULL, NULL),
(22, 5, 64, NULL, 1, 10, 60.00, NULL, NULL),
(23, 5, 1, NULL, 1, 10, 20.00, NULL, NULL),
(24, 5, 370, NULL, 2, NULL, NULL, 3.00, 1200);

-- --------------------------------------------------------

--
-- 表的结构 `session_exercises`
--

DROP TABLE IF EXISTS `session_exercises`;
CREATE TABLE IF NOT EXISTS `session_exercises` (
  `session_exercise_id` int NOT NULL AUTO_INCREMENT,
  `session_id` int NOT NULL,
  `exercise_id` int NOT NULL,
  `order_index` int DEFAULT NULL,
  `notes` text,
  PRIMARY KEY (`session_exercise_id`),
  KEY `session_id` (`session_id`),
  KEY `exercise_id` (`exercise_id`)
) ENGINE=MyISAM AUTO_INCREMENT=194 DEFAULT CHARSET=utf8mb4 COLLATE=utf8mb4_0900_ai_ci;

--
-- 转存表中的数据 `session_exercises`
--

INSERT INTO `session_exercises` (`session_exercise_id`, `session_id`, `exercise_id`, `order_index`, `notes`) VALUES
(1, 1, 44, 1, NULL),
(2, 1, 858, 2, NULL),
(3, 1, 872, 3, NULL),
(4, 3, 44, NULL, NULL),
(5, 4, 44, NULL, NULL),
(6, 2, 64, NULL, NULL),
(7, 6, 26, NULL, NULL),
(8, 9, 44, NULL, NULL),
(9, 15, 73, NULL, NULL),
(10, 16, 64, NULL, NULL),
(11, 31, 14, NULL, NULL),
(12, 66, 49, NULL, NULL),
(13, 67, 138, NULL, NULL),
(14, 68, 60, NULL, NULL),
(15, 72, 25, NULL, NULL),
(16, 73, 164, NULL, NULL),
(17, 74, 60, NULL, NULL),
(18, 75, 19, NULL, NULL),
(19, 76, 60, NULL, NULL),
(20, 79, 44, NULL, NULL),
(21, 84, 64, NULL, NULL),
(22, 86, 7, NULL, NULL),
(23, 87, 16, NULL, NULL),
(24, 88, 17, NULL, NULL),
(25, 90, 21, NULL, NULL),
(26, 90, 17, NULL, NULL),
(27, 94, 7, NULL, NULL),
(28, 95, 64, NULL, NULL),
(29, 95, 26, NULL, NULL),
(30, 95, 824, NULL, NULL),
(31, 95, 370, NULL, NULL),
(32, 97, 16, NULL, NULL),
(33, 99, 64, NULL, NULL),
(34, 99, 45, NULL, NULL),
(35, 99, 44, NULL, NULL),
(36, 99, 1, NULL, NULL),
(37, 99, 36, NULL, NULL),
(38, 100, 64, NULL, NULL),
(39, 100, 1, NULL, NULL),
(40, 100, 824, NULL, NULL),
(41, 100, 370, NULL, NULL),
(42, 100, 44, NULL, NULL),
(43, 101, 44, NULL, NULL),
(44, 101, 64, NULL, NULL),
(45, 101, 1, NULL, NULL),
(46, 101, 370, NULL, NULL),
(47, 107, 44, NULL, NULL),
(48, 107, 64, NULL, NULL),
(49, 107, 1, NULL, NULL),
(50, 107, 370, NULL, NULL),
(51, 111, 44, NULL, NULL),
(52, 111, 51, NULL, NULL),
(53, 111, 1, NULL, NULL),
(54, 111, 370, NULL, NULL),
(55, 117, 64, NULL, NULL),
(56, 117, 1, NULL, NULL),
(57, 117, 824, NULL, NULL),
(58, 117, 370, NULL, NULL),
(59, 117, 44, NULL, NULL),
(60, 120, 44, NULL, NULL),
(61, 120, 36, NULL, NULL),
(62, 120, 51, NULL, NULL),
(63, 120, 1, NULL, NULL),
(64, 120, 45, NULL, NULL),
(65, 120, 370, NULL, NULL),
(66, 121, 44, NULL, NULL),
(67, 121, 36, NULL, NULL),
(68, 121, 51, NULL, NULL),
(69, 121, 1, NULL, NULL),
(70, 121, 45, NULL, NULL),
(71, 121, 370, NULL, NULL),
(72, 126, 44, NULL, NULL),
(73, 126, 36, NULL, NULL),
(74, 126, 64, NULL, NULL),
(75, 126, 1, NULL, NULL),
(76, 126, 370, NULL, NULL),
(77, 132, 64, NULL, NULL),
(78, 132, 1, NULL, NULL),
(79, 132, 824, NULL, NULL),
(80, 132, 370, NULL, NULL),
(81, 132, 44, NULL, NULL),
(82, 138, 44, NULL, NULL),
(83, 138, 36, NULL, NULL),
(84, 138, 64, NULL, NULL),
(85, 138, 26, NULL, NULL),
(86, 138, 370, NULL, NULL),
(87, 139, 273, NULL, NULL),
(88, 139, 36, NULL, NULL),
(89, 139, 64, NULL, NULL),
(90, 139, 1, NULL, NULL),
(91, 139, 370, NULL, NULL),
(105, 142, 12, NULL, NULL),
(104, 142, 64, NULL, NULL),
(103, 142, 1, NULL, NULL),
(102, 142, 36, NULL, NULL),
(101, 142, 44, NULL, NULL),
(106, 142, 370, NULL, NULL),
(107, 143, 170, NULL, NULL),
(108, 143, 85, NULL, NULL),
(109, 143, 26, NULL, NULL),
(110, 143, 94, NULL, NULL),
(111, 143, 12, NULL, NULL),
(112, 143, 370, NULL, NULL),
(113, 146, 64, NULL, NULL),
(114, 146, 44, NULL, NULL),
(115, 146, 36, NULL, NULL),
(116, 146, 26, NULL, NULL),
(117, 146, 12, NULL, NULL),
(118, 146, 370, NULL, NULL),
(119, 150, 17, NULL, NULL),
(120, 152, 17, NULL, NULL),
(121, 153, 16, NULL, NULL),
(122, 154, 94, NULL, NULL),
(123, 155, 273, NULL, NULL),
(124, 155, 1, NULL, NULL),
(125, 155, 64, NULL, NULL),
(126, 155, 36, NULL, NULL),
(127, 155, 370, NULL, NULL),
(128, 155, 44, NULL, NULL),
(129, 155, 26, NULL, NULL),
(130, 155, 824, NULL, NULL),
(131, 156, 1, NULL, NULL),
(132, 156, 64, NULL, NULL),
(133, 156, 36, NULL, NULL),
(134, 156, 273, NULL, NULL),
(135, 156, 370, NULL, NULL),
(136, 156, 824, NULL, NULL),
(137, 157, 273, NULL, NULL),
(138, 157, 1, NULL, NULL),
(139, 157, 635, NULL, NULL),
(140, 157, 45, NULL, NULL),
(141, 157, 370, NULL, NULL),
(142, 165, 273, NULL, NULL),
(143, 165, 1, NULL, NULL),
(144, 165, 635, NULL, NULL),
(145, 165, 45, NULL, NULL),
(146, 165, 370, NULL, NULL),
(147, 166, 1, NULL, NULL),
(148, 166, 44, NULL, NULL),
(149, 166, 36, NULL, NULL),
(150, 166, 64, NULL, NULL),
(151, 166, 370, NULL, NULL),
(152, 167, 44, NULL, NULL),
(153, 167, 1, NULL, NULL),
(154, 167, 370, NULL, NULL),
(155, 168, 339, NULL, NULL),
(156, 168, 1, NULL, NULL),
(157, 168, 36, NULL, NULL),
(158, 168, 45, NULL, NULL),
(159, 168, 370, NULL, NULL),
(160, 169, 16, NULL, NULL),
(161, 169, 17, NULL, NULL),
(162, 169, 34, NULL, NULL),
(163, 169, 4, NULL, NULL),
(164, 169, 370, NULL, NULL),
(165, 170, 44, NULL, NULL),
(166, 170, 64, NULL, NULL),
(167, 170, 1, NULL, NULL),
(168, 170, 370, NULL, NULL),
(169, 171, 273, NULL, NULL),
(170, 171, 36, NULL, NULL),
(171, 171, 64, NULL, NULL),
(172, 171, 1, NULL, NULL),
(173, 171, 370, NULL, NULL),
(174, 172, 44, NULL, NULL),
(176, 175, 44, NULL, NULL),
(177, 175, 1, NULL, NULL),
(178, 175, 36, NULL, NULL),
(179, 175, 138, NULL, NULL),
(180, 175, 370, NULL, NULL),
(181, 176, 1, NULL, NULL),
(182, 176, 198, NULL, NULL),
(183, 176, 199, NULL, NULL),
(184, 176, 26, NULL, NULL),
(185, 176, 130, NULL, NULL),
(186, 176, 370, NULL, NULL),
(187, 177, 1, NULL, NULL),
(188, 177, 339, NULL, NULL),
(189, 177, 370, NULL, NULL),
(190, 177, 36, NULL, NULL),
(191, 177, 64, NULL, NULL),
(192, 177, 12, NULL, NULL),
(193, 177, 44, NULL, NULL);

-- --------------------------------------------------------

--
-- 表的结构 `users`
--

DROP TABLE IF EXISTS `users`;
CREATE TABLE IF NOT EXISTS `users` (
  `user_id` int NOT NULL AUTO_INCREMENT,
  `username` varchar(50) NOT NULL,
  `avatar_url` varchar(255) DEFAULT 'assets/images/default-avatar.png',
  `email` varchar(100) NOT NULL,
  `phone_number` varchar(20) DEFAULT NULL,
  `password_hash` varchar(255) NOT NULL,
  `role` enum('Admin','Coach','User') DEFAULT 'User',
  `gender` enum('Male','Female','Other') DEFAULT NULL,
  `birth_date` date DEFAULT NULL,
  `fitness_goal` enum('增肌','减脂','保持','力量提升') DEFAULT '保持',
  `created_at` timestamp NULL DEFAULT CURRENT_TIMESTAMP,
  PRIMARY KEY (`user_id`),
  UNIQUE KEY `email` (`email`)
) ENGINE=InnoDB AUTO_INCREMENT=6 DEFAULT CHARSET=utf8mb4 COLLATE=utf8mb4_0900_ai_ci;

--
-- 转存表中的数据 `users`
--

INSERT INTO `users` (`user_id`, `username`, `avatar_url`, `email`, `phone_number`, `password_hash`, `role`, `gender`, `birth_date`, `fitness_goal`, `created_at`) VALUES
(1, 'Admin_Tester', 'assets/images/default-avatar.png', 'test@test.com', NULL, '123456', 'User', NULL, NULL, '保持', '2026-01-26 05:53:16'),
(2, 'Apifox_User', 'assets/images/default-avatar.png', 'fox@test.com', NULL, 'mypassword123', 'User', NULL, NULL, '保持', '2026-02-11 17:00:12'),
(3, 'Apifox_User2', 'assets/images/default-avatar.png', 'fox2@test.com', NULL, 'mypassword1234', 'User', NULL, NULL, '保持', '2026-02-11 17:04:31'),
(4, 'test2', 'assets/images/default-avatar.png', '3554305177@qq.com', NULL, '845290304', 'User', NULL, NULL, '保持', '2026-02-24 09:12:18'),
(5, '1', 'assets/images/default-avatar.png', '1@qq.com', NULL, '1', 'User', NULL, NULL, '保持', '2026-02-25 11:27:56');

-- --------------------------------------------------------

--
-- 替换视图以便查看 `view_muscle_load_stats`
-- （参见下面的实际视图）
--
DROP VIEW IF EXISTS `view_muscle_load_stats`;
CREATE TABLE IF NOT EXISTS `view_muscle_load_stats` (
`major_muscle_group` varchar(50)
,`session_id` int
,`user_id` int
,`weighted_sets` decimal(24,1)
,`weighted_volume` decimal(39,3)
,`workout_date` datetime
);

-- --------------------------------------------------------

--
-- 替换视图以便查看 `view_strength_progress`
-- （参见下面的实际视图）
--
DROP VIEW IF EXISTS `view_strength_progress`;
CREATE TABLE IF NOT EXISTS `view_strength_progress` (
`estimated_1rm` decimal(21,6)
,`exercise_id` int
,`exercise_name` varchar(100)
,`exercise_name_zh` varchar(255)
,`user_id` int
,`workout_date` datetime
);

-- --------------------------------------------------------

--
-- 表的结构 `workout_sessions`
--

DROP TABLE IF EXISTS `workout_sessions`;
CREATE TABLE IF NOT EXISTS `workout_sessions` (
  `session_id` int NOT NULL AUTO_INCREMENT,
  `user_id` int NOT NULL,
  `user_session_no` int NOT NULL,
  `plan_id` int DEFAULT NULL,
  `start_time` datetime DEFAULT NULL,
  `end_time` datetime DEFAULT NULL,
  `status` enum('In_Progress','Completed') DEFAULT 'In_Progress',
  `total_calories` decimal(10,2) DEFAULT NULL,
  `perceived_exertion` int DEFAULT NULL,
  `notes` text,
  PRIMARY KEY (`session_id`),
  KEY `user_id` (`user_id`),
  KEY `plan_id` (`plan_id`)
) ENGINE=MyISAM AUTO_INCREMENT=178 DEFAULT CHARSET=utf8mb4 COLLATE=utf8mb4_0900_ai_ci;

--
-- 转存表中的数据 `workout_sessions`
--

INSERT INTO `workout_sessions` (`session_id`, `user_id`, `user_session_no`, `plan_id`, `start_time`, `end_time`, `status`, `total_calories`, `perceived_exertion`, `notes`) VALUES
(1, 1, 0, NULL, '2026-01-26 10:00:00', '2026-01-26 12:00:00', 'Completed', NULL, 8, '使用真实ID重建测试'),
(2, 1, 0, NULL, '2026-02-10 21:36:00', NULL, 'In_Progress', NULL, NULL, NULL),
(3, 1, 0, NULL, '2026-02-10 22:09:19', NULL, 'In_Progress', NULL, NULL, NULL),
(4, 1, 0, NULL, '2026-02-10 22:11:30', NULL, 'In_Progress', NULL, NULL, NULL),
(5, 1, 0, NULL, '2026-02-12 01:09:42', NULL, 'In_Progress', NULL, NULL, NULL),
(73, 1, 0, NULL, '2026-02-22 21:08:44', NULL, 'In_Progress', NULL, NULL, NULL),
(72, 1, 0, NULL, '2026-02-22 21:08:27', NULL, 'In_Progress', NULL, NULL, NULL),
(71, 1, 0, NULL, '2026-02-22 21:04:22', NULL, 'In_Progress', NULL, NULL, NULL),
(70, 1, 0, NULL, '2026-02-22 21:03:02', NULL, 'In_Progress', NULL, NULL, NULL),
(69, 1, 0, NULL, '2026-02-22 20:59:20', NULL, 'In_Progress', NULL, NULL, NULL),
(68, 1, 0, NULL, '2026-02-22 20:57:26', NULL, 'In_Progress', NULL, NULL, NULL),
(67, 1, 0, NULL, '2026-02-22 20:42:40', NULL, 'In_Progress', NULL, NULL, NULL),
(66, 1, 0, NULL, '2026-02-22 20:42:11', NULL, 'In_Progress', NULL, NULL, NULL),
(65, 1, 0, NULL, '2026-02-22 20:41:00', NULL, 'In_Progress', NULL, NULL, NULL),
(64, 1, 0, NULL, '2026-02-22 20:36:49', NULL, 'In_Progress', NULL, NULL, NULL),
(63, 1, 0, NULL, '2026-02-22 20:36:42', NULL, 'In_Progress', NULL, NULL, NULL),
(62, 1, 0, NULL, '2026-02-22 20:36:31', NULL, 'In_Progress', NULL, NULL, NULL),
(61, 1, 0, NULL, '2026-02-22 20:35:23', NULL, 'In_Progress', NULL, NULL, NULL),
(60, 1, 0, NULL, '2026-02-22 20:35:02', NULL, 'In_Progress', NULL, NULL, NULL),
(59, 1, 0, NULL, '2026-02-22 20:33:57', NULL, 'In_Progress', NULL, NULL, NULL),
(58, 1, 0, NULL, '2026-02-22 20:32:20', NULL, 'In_Progress', NULL, NULL, NULL),
(57, 1, 0, NULL, '2026-02-22 20:32:11', NULL, 'In_Progress', NULL, NULL, NULL),
(56, 1, 0, NULL, '2026-02-22 20:31:56', NULL, 'In_Progress', NULL, NULL, NULL),
(55, 1, 0, NULL, '2026-02-22 20:30:06', NULL, 'In_Progress', NULL, NULL, NULL),
(54, 1, 0, NULL, '2026-02-22 20:29:52', NULL, 'In_Progress', NULL, NULL, NULL),
(53, 1, 0, NULL, '2026-02-22 20:23:17', NULL, 'In_Progress', NULL, NULL, NULL),
(52, 1, 0, NULL, '2026-02-22 20:22:34', NULL, 'In_Progress', NULL, NULL, NULL),
(51, 1, 0, NULL, '2026-02-22 20:21:57', NULL, 'In_Progress', NULL, NULL, NULL),
(50, 1, 0, NULL, '2026-02-22 20:21:04', NULL, 'In_Progress', NULL, NULL, NULL),
(49, 1, 0, NULL, '2026-02-22 20:16:18', NULL, 'In_Progress', NULL, NULL, NULL),
(48, 1, 0, NULL, '2026-02-22 20:15:43', NULL, 'In_Progress', NULL, NULL, NULL),
(47, 1, 0, NULL, '2026-02-22 20:02:48', NULL, 'In_Progress', NULL, NULL, NULL),
(46, 1, 0, NULL, '2026-02-22 19:58:20', NULL, 'In_Progress', NULL, NULL, NULL),
(45, 1, 0, NULL, '2026-02-22 19:54:33', NULL, 'In_Progress', NULL, NULL, NULL),
(44, 1, 0, NULL, '2026-02-22 19:47:08', NULL, 'In_Progress', NULL, NULL, NULL),
(43, 1, 0, NULL, '2026-02-22 19:41:07', NULL, 'In_Progress', NULL, NULL, NULL),
(42, 1, 0, NULL, '2026-02-22 19:37:18', NULL, 'In_Progress', NULL, NULL, NULL),
(41, 1, 0, NULL, '2026-02-22 19:36:00', NULL, 'In_Progress', NULL, NULL, NULL),
(40, 1, 0, NULL, '2026-02-22 19:18:39', NULL, 'In_Progress', NULL, NULL, NULL),
(74, 1, 0, NULL, '2026-02-22 21:09:03', NULL, 'In_Progress', NULL, NULL, NULL),
(75, 1, 0, NULL, '2026-02-22 21:09:19', NULL, 'In_Progress', NULL, NULL, NULL),
(76, 1, 0, NULL, '2026-02-22 21:09:33', NULL, 'In_Progress', NULL, NULL, NULL),
(77, 1, 0, NULL, '2026-02-22 21:13:10', NULL, 'In_Progress', NULL, NULL, NULL),
(78, 1, 0, NULL, '2026-02-22 21:19:52', NULL, 'In_Progress', NULL, NULL, NULL),
(79, 1, 0, NULL, '2026-02-22 21:22:02', NULL, 'In_Progress', NULL, NULL, NULL),
(80, 1, 0, NULL, '2026-02-22 21:22:41', NULL, 'In_Progress', NULL, NULL, NULL),
(81, 1, 0, NULL, '2026-02-22 21:23:07', NULL, 'In_Progress', NULL, NULL, NULL),
(82, 1, 0, NULL, '2026-02-22 21:24:11', NULL, 'In_Progress', NULL, NULL, NULL),
(83, 1, 0, NULL, '2026-02-22 21:28:08', NULL, 'In_Progress', NULL, NULL, NULL),
(84, 1, 0, NULL, '2026-02-22 21:29:55', NULL, 'In_Progress', NULL, NULL, NULL),
(85, 1, 0, NULL, '2026-02-22 21:30:26', NULL, 'In_Progress', NULL, NULL, NULL),
(86, 1, 0, NULL, '2026-02-22 21:30:45', NULL, 'In_Progress', NULL, NULL, NULL),
(87, 1, 0, NULL, '2026-02-22 21:31:06', NULL, 'In_Progress', NULL, NULL, NULL),
(88, 1, 0, NULL, '2026-02-23 21:44:29', NULL, 'In_Progress', NULL, NULL, NULL),
(89, 1, 0, NULL, '2026-02-23 21:56:34', NULL, 'In_Progress', NULL, NULL, NULL),
(90, 1, 0, NULL, '2026-02-23 21:57:15', NULL, 'In_Progress', NULL, NULL, NULL),
(91, 1, 0, NULL, '2026-02-23 22:02:10', NULL, 'In_Progress', NULL, NULL, NULL),
(92, 1, 0, NULL, '2026-02-23 22:02:48', NULL, 'In_Progress', NULL, NULL, NULL),
(93, 1, 0, NULL, '2026-02-23 22:03:34', NULL, 'In_Progress', NULL, NULL, NULL),
(94, 1, 0, NULL, '2026-02-23 22:03:53', NULL, 'In_Progress', NULL, NULL, NULL),
(95, 1, 0, NULL, '2026-02-23 22:04:09', NULL, 'In_Progress', NULL, NULL, NULL),
(96, 1, 0, NULL, '2026-02-23 22:04:50', NULL, 'In_Progress', NULL, NULL, NULL),
(97, 1, 0, NULL, '2026-02-23 22:05:20', NULL, 'In_Progress', NULL, NULL, NULL),
(98, 1, 0, NULL, '2026-02-23 22:06:32', NULL, 'In_Progress', NULL, NULL, NULL),
(99, 1, 0, NULL, '2026-02-23 22:08:19', NULL, 'In_Progress', NULL, NULL, NULL),
(100, 1, 0, NULL, '2026-02-23 22:10:24', NULL, 'In_Progress', NULL, NULL, NULL),
(101, 1, 0, NULL, '2026-02-23 22:15:42', NULL, 'In_Progress', NULL, NULL, NULL),
(102, 1, 0, NULL, '2026-02-23 22:17:59', NULL, 'In_Progress', NULL, NULL, NULL),
(103, 1, 0, NULL, '2026-02-23 22:20:55', NULL, 'In_Progress', NULL, NULL, NULL),
(104, 1, 0, NULL, '2026-02-23 22:23:27', NULL, 'In_Progress', NULL, NULL, NULL),
(105, 1, 0, NULL, '2026-02-23 22:23:30', NULL, 'In_Progress', NULL, NULL, NULL),
(106, 1, 0, NULL, '2026-02-23 22:24:00', NULL, 'In_Progress', NULL, NULL, NULL),
(107, 1, 0, NULL, '2026-02-23 22:26:55', NULL, 'In_Progress', NULL, NULL, NULL),
(108, 1, 0, NULL, '2026-02-23 22:36:45', NULL, 'In_Progress', NULL, NULL, NULL),
(109, 1, 0, NULL, '2026-02-23 22:36:58', NULL, 'In_Progress', NULL, NULL, NULL),
(110, 1, 0, NULL, '2026-02-23 22:37:30', NULL, 'In_Progress', NULL, NULL, NULL),
(111, 1, 0, NULL, '2026-02-23 22:42:38', NULL, 'In_Progress', NULL, NULL, NULL),
(112, 1, 0, NULL, '2026-02-23 22:51:18', NULL, 'In_Progress', NULL, NULL, NULL),
(113, 1, 0, NULL, '2026-02-23 22:51:42', NULL, 'In_Progress', NULL, NULL, NULL),
(114, 1, 0, NULL, '2026-02-23 22:52:37', NULL, 'In_Progress', NULL, NULL, NULL),
(115, 1, 0, NULL, '2026-02-23 22:52:40', NULL, 'In_Progress', NULL, NULL, NULL),
(116, 1, 0, NULL, '2026-02-23 22:55:20', NULL, 'In_Progress', NULL, NULL, NULL),
(117, 1, 0, NULL, '2026-02-23 23:01:04', NULL, 'In_Progress', NULL, NULL, NULL),
(118, 1, 0, NULL, '2026-02-23 23:02:07', NULL, 'In_Progress', NULL, NULL, NULL),
(119, 1, 0, NULL, '2026-02-23 23:05:25', NULL, 'In_Progress', NULL, NULL, NULL),
(120, 1, 0, NULL, '2026-02-23 23:06:50', NULL, 'In_Progress', NULL, NULL, NULL),
(121, 1, 0, NULL, '2026-02-23 23:09:50', NULL, 'In_Progress', NULL, NULL, NULL),
(122, 1, 0, NULL, '2026-02-23 23:10:12', NULL, 'In_Progress', NULL, NULL, NULL),
(123, 1, 0, NULL, '2026-02-23 23:10:41', NULL, 'In_Progress', NULL, NULL, NULL),
(124, 1, 0, NULL, '2026-02-23 23:14:09', NULL, 'In_Progress', NULL, NULL, NULL),
(125, 1, 0, NULL, '2026-02-23 23:14:59', NULL, 'In_Progress', NULL, NULL, NULL),
(126, 1, 0, NULL, '2026-02-23 23:15:20', NULL, 'In_Progress', NULL, NULL, NULL),
(127, 1, 0, NULL, '2026-02-23 23:15:38', NULL, 'In_Progress', NULL, NULL, NULL),
(128, 1, 0, NULL, '2026-02-23 23:16:53', NULL, 'In_Progress', NULL, NULL, NULL),
(129, 1, 0, NULL, '2026-02-23 23:17:07', NULL, 'In_Progress', NULL, NULL, NULL),
(130, 1, 0, NULL, '2026-02-23 23:21:48', NULL, 'In_Progress', NULL, NULL, NULL),
(131, 1, 0, NULL, '2026-02-23 23:26:01', NULL, 'In_Progress', NULL, NULL, NULL),
(132, 1, 0, NULL, '2026-02-24 14:23:58', NULL, 'In_Progress', NULL, NULL, NULL),
(133, 1, 0, NULL, '2026-02-24 14:24:28', NULL, 'In_Progress', NULL, NULL, NULL),
(134, 1, 0, NULL, '2026-02-24 14:30:52', NULL, 'In_Progress', NULL, NULL, NULL),
(135, 1, 0, NULL, '2026-02-24 14:36:15', NULL, 'In_Progress', NULL, NULL, NULL),
(138, 1, 0, NULL, '2026-02-24 17:29:27', NULL, 'In_Progress', NULL, NULL, NULL),
(139, 1, 0, NULL, '2026-02-24 17:37:58', NULL, 'In_Progress', NULL, NULL, NULL),
(142, 1, 0, NULL, '2026-02-24 19:00:45', NULL, 'In_Progress', NULL, NULL, NULL),
(143, 4, 0, NULL, '2026-02-24 20:41:03', NULL, 'In_Progress', NULL, NULL, NULL),
(145, 4, 0, NULL, '2026-02-24 20:48:25', NULL, 'In_Progress', NULL, NULL, NULL),
(146, 4, 0, NULL, '2026-02-24 21:23:30', NULL, 'In_Progress', NULL, NULL, NULL),
(149, 4, 1, NULL, '2026-02-24 21:46:39', NULL, 'In_Progress', NULL, NULL, NULL),
(150, 4, 2, NULL, '2026-02-24 21:52:42', NULL, 'In_Progress', NULL, NULL, NULL),
(152, 4, 3, NULL, '2026-02-24 22:07:59', NULL, 'In_Progress', NULL, NULL, NULL),
(153, 4, 4, NULL, '2026-02-24 22:09:08', NULL, 'In_Progress', NULL, NULL, NULL),
(154, 4, 5, NULL, '2026-02-24 23:29:06', NULL, 'In_Progress', NULL, NULL, NULL),
(155, 4, 6, NULL, '2026-02-24 23:34:36', NULL, 'In_Progress', NULL, NULL, NULL),
(156, 4, 7, NULL, '2026-02-24 23:40:48', NULL, 'In_Progress', NULL, NULL, NULL),
(157, 4, 8, NULL, '2026-02-24 23:46:03', NULL, 'In_Progress', NULL, NULL, NULL),
(159, 4, 9, NULL, '2026-02-25 15:28:50', NULL, 'In_Progress', NULL, NULL, NULL),
(160, 4, 10, NULL, '2026-02-25 15:28:50', NULL, 'In_Progress', NULL, NULL, NULL),
(161, 4, 11, NULL, '2026-02-25 15:28:50', NULL, 'In_Progress', NULL, NULL, NULL),
(162, 4, 12, NULL, '2026-02-25 15:28:50', NULL, 'In_Progress', NULL, NULL, NULL),
(163, 4, 13, NULL, '2026-02-25 15:28:50', NULL, 'In_Progress', NULL, NULL, NULL),
(165, 4, 14, NULL, '2026-02-25 15:29:24', NULL, 'In_Progress', NULL, NULL, NULL),
(166, 4, 15, NULL, '2026-02-25 15:44:07', NULL, 'In_Progress', NULL, NULL, NULL),
(167, 4, 16, NULL, '2026-02-25 15:48:09', NULL, 'In_Progress', NULL, NULL, NULL),
(168, 4, 17, NULL, '2026-02-25 15:49:10', NULL, 'In_Progress', NULL, NULL, NULL),
(169, 5, 1, NULL, '2026-02-25 19:28:20', NULL, 'In_Progress', NULL, NULL, NULL),
(170, 1, 1, NULL, '2026-02-25 19:31:44', NULL, 'In_Progress', NULL, NULL, NULL),
(171, 1, 2, NULL, '2026-02-25 19:38:03', NULL, 'In_Progress', NULL, NULL, NULL),
(172, 4, 118, NULL, '2026-02-27 19:40:10', NULL, 'In_Progress', NULL, NULL, NULL),
(173, 4, 119, NULL, '2026-02-27 21:17:58', NULL, 'In_Progress', NULL, NULL, NULL),
(175, 4, 120, NULL, '2026-02-27 21:36:23', NULL, 'In_Progress', NULL, NULL, NULL),
(176, 4, 121, NULL, '2026-02-27 21:37:31', NULL, 'In_Progress', NULL, NULL, NULL),
(177, 4, 122, NULL, '2026-02-27 22:01:59', NULL, 'In_Progress', NULL, NULL, NULL);

-- --------------------------------------------------------

--
-- 视图结构 `view_muscle_load_stats`
--
DROP TABLE IF EXISTS `view_muscle_load_stats`;

DROP VIEW IF EXISTS `view_muscle_load_stats`;
CREATE ALGORITHM=UNDEFINED DEFINER=`root`@`localhost` SQL SECURITY DEFINER VIEW `view_muscle_load_stats`  AS SELECT `ws`.`user_id` AS `user_id`, `ws`.`session_id` AS `session_id`, `ws`.`start_time` AS `workout_date`, `m`.`category` AS `major_muscle_group`, sum(((`es`.`weight_kg` * `es`.`reps`) * (case when (`l`.`is_primary` = 1) then 1.0 else 0.3 end))) AS `weighted_volume`, sum((case when (`l`.`is_primary` = 1) then 1.0 else 0.3 end)) AS `weighted_sets` FROM ((((`workout_sessions` `ws` join `session_exercises` `se` on((`ws`.`session_id` = `se`.`session_id`))) join `exercise_sets` `es` on((`se`.`session_exercise_id` = `es`.`session_exercise_id`))) join `exercise_muscle_link` `l` on((`se`.`exercise_id` = `l`.`exercise_id`))) join `muscle_groups` `m` on((`l`.`muscle_id` = `m`.`muscle_id`))) WHERE (`es`.`is_completed` = 1) GROUP BY `ws`.`user_id`, `ws`.`session_id`, `m`.`category` ;

-- --------------------------------------------------------

--
-- 视图结构 `view_strength_progress`
--
DROP TABLE IF EXISTS `view_strength_progress`;

DROP VIEW IF EXISTS `view_strength_progress`;
CREATE ALGORITHM=UNDEFINED DEFINER=`root`@`localhost` SQL SECURITY DEFINER VIEW `view_strength_progress`  AS SELECT `u`.`user_id` AS `user_id`, `e`.`exercise_id` AS `exercise_id`, `e`.`name` AS `exercise_name`, `e`.`name_zh` AS `exercise_name_zh`, `ws`.`start_time` AS `workout_date`, max((`es`.`weight_kg` * (1 + (`es`.`reps` / 30.0)))) AS `estimated_1rm` FROM ((((`users` `u` join `workout_sessions` `ws` on((`u`.`user_id` = `ws`.`user_id`))) join `session_exercises` `se` on((`ws`.`session_id` = `se`.`session_id`))) join `exercise_library` `e` on((`se`.`exercise_id` = `e`.`exercise_id`))) join `exercise_sets` `es` on((`se`.`session_exercise_id` = `es`.`session_exercise_id`))) WHERE (`es`.`is_completed` = 1) GROUP BY `u`.`user_id`, `e`.`exercise_id`, `ws`.`session_id` ;
COMMIT;

/*!40101 SET CHARACTER_SET_CLIENT=@OLD_CHARACTER_SET_CLIENT */;
/*!40101 SET CHARACTER_SET_RESULTS=@OLD_CHARACTER_SET_RESULTS */;
/*!40101 SET COLLATION_CONNECTION=@OLD_COLLATION_CONNECTION */;
